capture_id,Attack_Type,Label,prediction,true_macro,pred_macro
benign_17,benign,0,benign,benign,benign
benign_17,benign,0,benign,benign,benign
benign_17,benign,0,benign,benign,benign
benign_17,benign,0,benign,benign,benign
benign_17,benign,0,benign,benign,benign
benign_17,benign,0,benign,benign,benign
benign_17,benign,0,benign,benign,benign
benign_17,benign,0,benign,benign,benign
benign_17,benign,0,benign,benign,benign
benign_17,benign,0,benign,benign,benign
benign_17,benign,0,benign,benign,benign
benign_17,benign,0,benign,benign,benign
benign_17,benign,0,benign,benign,benign
benign_17,benign,0,benign,benign,benign
benign_17,benign,0,benign,benign,benign
benign_17,benign,0,benign,benign,benign
benign_17,benign,0,benign,benign,benign
benign_17,benign,0,benign,benign,benign
benign_17,benign,0,benign,benign,benign
benign_17,benign,0,benign,benign,benign
benign_17,benign,0,benign,benign,benign
benign_17,benign,0,benign,benign,benign
benign_17,benign,0,benign,benign,benign
benign_17,benign,0,benign,benign,benign
benign_17,benign,0,benign,benign,benign
benign_17,benign,0,benign,benign,benign
benign_17,benign,0,benign,benign,benign
benign_17,benign,0,benign,benign,benign
benign_17,benign,0,benign,benign,benign
benign_17,benign,0,benign,benign,benign
benign_17,benign,0,benign,benign,benign
benign_17,benign,0,benign,benign,benign
benign_17,benign,0,benign,benign,benign
benign_17,benign,0,benign,benign,benign
benign_17,benign,0,benign,benign,benign
benign_17,benign,0,benign,benign,benign
benign_17,benign,0,benign,benign,benign
benign_17,benign,0,benign,benign,benign
benign_17,benign,0,benign,benign,benign
benign_17,benign,0,benign,benign,benign
benign_17,benign,0,benign,benign,benign
benign_17,benign,0,benign,benign,benign
benign_17,benign,0,benign,benign,benign
benign_17,benign,0,benign,benign,benign
benign_17,benign,0,benign,benign,benign
benign_17,benign,0,benign,benign,benign
benign_17,benign,0,benign,benign,benign
benign_17,benign,0,benign,benign,benign
benign_17,benign,0,benign,benign,benign
benign_17,benign,0,benign,benign,benign
benign_17,benign,0,benign,benign,benign
benign_17,benign,0,benign,benign,benign
benign_17,benign,0,benign,benign,benign
benign_17,benign,0,benign,benign,benign
benign_17,benign,0,benign,benign,benign
benign_17,benign,0,benign,benign,benign
bruteforce_17,bruteforce,1,bruteforce,auth_control_repetition,auth_control_repetition
bruteforce_17,bruteforce,1,bruteforce,auth_control_repetition,auth_control_repetition
bruteforce_17,bruteforce,1,bruteforce,auth_control_repetition,auth_control_repetition
bruteforce_17,bruteforce,1,bruteforce,auth_control_repetition,auth_control_repetition
bruteforce_17,bruteforce,1,bruteforce,auth_control_repetition,auth_control_repetition
bruteforce_17,bruteforce,1,bruteforce,auth_control_repetition,auth_control_repetition
bruteforce_17,bruteforce,1,bruteforce,auth_control_repetition,auth_control_repetition
bruteforce_17,bruteforce,1,bruteforce,auth_control_repetition,auth_control_repetition
bruteforce_17,bruteforce,1,bruteforce,auth_control_repetition,auth_control_repetition
bruteforce_17,bruteforce,1,bruteforce,auth_control_repetition,auth_control_repetition
bruteforce_17,bruteforce,1,bruteforce,auth_control_repetition,auth_control_repetition
bruteforce_17,bruteforce,1,bruteforce,auth_control_repetition,auth_control_repetition
bruteforce_17,bruteforce,1,bruteforce,auth_control_repetition,auth_control_repetition
bruteforce_17,bruteforce,1,bruteforce,auth_control_repetition,auth_control_repetition
bruteforce_17,bruteforce,1,bruteforce,auth_control_repetition,auth_control_repetition
bruteforce_17,bruteforce,1,bruteforce,auth_control_repetition,auth_control_repetition
bruteforce_17,bruteforce,1,bruteforce,auth_control_repetition,auth_control_repetition
bruteforce_17,bruteforce,1,bruteforce,auth_control_repetition,auth_control_repetition
bruteforce_17,bruteforce,1,bruteforce,auth_control_repetition,auth_control_repetition
bruteforce_17,bruteforce,1,bruteforce,auth_control_repetition,auth_control_repetition
bruteforce_17,bruteforce,1,bruteforce,auth_control_repetition,auth_control_repetition
bruteforce_17,bruteforce,1,bruteforce,auth_control_repetition,auth_control_repetition
bruteforce_17,bruteforce,1,bruteforce,auth_control_repetition,auth_control_repetition
bruteforce_17,bruteforce,1,bruteforce,auth_control_repetition,auth_control_repetition
bruteforce_17,bruteforce,1,bruteforce,auth_control_repetition,auth_control_repetition
bruteforce_17,bruteforce,1,bruteforce,auth_control_repetition,auth_control_repetition
bruteforce_17,bruteforce,1,bruteforce,auth_control_repetition,auth_control_repetition
bruteforce_17,bruteforce,1,bruteforce,auth_control_repetition,auth_control_repetition
bruteforce_17,bruteforce,1,bruteforce,auth_control_repetition,auth_control_repetition
bruteforce_17,bruteforce,1,bruteforce,auth_control_repetition,auth_control_repetition
bruteforce_17,bruteforce,1,bruteforce,auth_control_repetition,auth_control_repetition
bruteforce_17,bruteforce,1,bruteforce,auth_control_repetition,auth_control_repetition
bruteforce_17,bruteforce,1,bruteforce,auth_control_repetition,auth_control_repetition
bruteforce_17,bruteforce,1,bruteforce,auth_control_repetition,auth_control_repetition
bruteforce_17,bruteforce,1,bruteforce,auth_control_repetition,auth_control_repetition
bruteforce_17,bruteforce,1,bruteforce,auth_control_repetition,auth_control_repetition
bruteforce_17,bruteforce,1,bruteforce,auth_control_repetition,auth_control_repetition
bruteforce_17,bruteforce,1,bruteforce,auth_control_repetition,auth_control_repetition
bruteforce_17,bruteforce,1,bruteforce,auth_control_repetition,auth_control_repetition
bruteforce_17,bruteforce,1,bruteforce,auth_control_repetition,auth_control_repetition
c2_17,c2_beacon,1,mqtt_abuse,auth_control_repetition,availability_abuse
c2_17,c2_beacon,1,bruteforce,auth_control_repetition,auth_control_repetition
c2_17,c2_beacon,1,bruteforce,auth_control_repetition,auth_control_repetition
c2_17,c2_beacon,1,c2_beacon,auth_control_repetition,auth_control_repetition
c2_17,c2_beacon,1,c2_beacon,auth_control_repetition,auth_control_repetition
c2_17,c2_beacon,1,bruteforce,auth_control_repetition,auth_control_repetition
c2_17,c2_beacon,1,c2_beacon,auth_control_repetition,auth_control_repetition
c2_17,c2_beacon,1,bruteforce,auth_control_repetition,auth_control_repetition
c2_17,c2_beacon,1,c2_beacon,auth_control_repetition,auth_control_repetition
c2_17,c2_beacon,1,c2_beacon,auth_control_repetition,auth_control_repetition
c2_17,c2_beacon,1,c2_beacon,auth_control_repetition,auth_control_repetition
c2_17,c2_beacon,1,bruteforce,auth_control_repetition,auth_control_repetition
c2_17,c2_beacon,1,c2_beacon,auth_control_repetition,auth_control_repetition
c2_17,c2_beacon,1,bruteforce,auth_control_repetition,auth_control_repetition
c2_17,c2_beacon,1,c2_beacon,auth_control_repetition,auth_control_repetition
c2_17,c2_beacon,1,c2_beacon,auth_control_repetition,auth_control_repetition
c2_17,c2_beacon,1,bruteforce,auth_control_repetition,auth_control_repetition
c2_17,c2_beacon,1,c2_beacon,auth_control_repetition,auth_control_repetition
c2_17,c2_beacon,1,bruteforce,auth_control_repetition,auth_control_repetition
c2_17,c2_beacon,1,c2_beacon,auth_control_repetition,auth_control_repetition
c2_17,c2_beacon,1,c2_beacon,auth_control_repetition,auth_control_repetition
c2_17,c2_beacon,1,bruteforce,auth_control_repetition,auth_control_repetition
c2_17,c2_beacon,1,c2_beacon,auth_control_repetition,auth_control_repetition
c2_17,c2_beacon,1,bruteforce,auth_control_repetition,auth_control_repetition
c2_17,c2_beacon,1,c2_beacon,auth_control_repetition,auth_control_repetition
c2_17,c2_beacon,1,c2_beacon,auth_control_repetition,auth_control_repetition
c2_17,c2_beacon,1,bruteforce,auth_control_repetition,auth_control_repetition
c2_17,c2_beacon,1,c2_beacon,auth_control_repetition,auth_control_repetition
c2_17,c2_beacon,1,c2_beacon,auth_control_repetition,auth_control_repetition
c2_17,c2_beacon,1,bruteforce,auth_control_repetition,auth_control_repetition
c2_17,c2_beacon,1,c2_beacon,auth_control_repetition,auth_control_repetition
c2_17,c2_beacon,1,c2_beacon,auth_control_repetition,auth_control_repetition
c2_17,c2_beacon,1,bruteforce,auth_control_repetition,auth_control_repetition
c2_17,c2_beacon,1,c2_beacon,auth_control_repetition,auth_control_repetition
c2_17,c2_beacon,1,c2_beacon,auth_control_repetition,auth_control_repetition
c2_17,c2_beacon,1,bruteforce,auth_control_repetition,auth_control_repetition
c2_17,c2_beacon,1,c2_beacon,auth_control_repetition,auth_control_repetition
c2_17,c2_beacon,1,bruteforce,auth_control_repetition,auth_control_repetition
c2_17,c2_beacon,1,c2_beacon,auth_control_repetition,auth_control_repetition
c2_17,c2_beacon,1,c2_beacon,auth_control_repetition,auth_control_repetition
c2_17,c2_beacon,1,bruteforce,auth_control_repetition,auth_control_repetition
c2_17,c2_beacon,1,c2_beacon,auth_control_repetition,auth_control_repetition
c2_17,c2_beacon,1,c2_beacon,auth_control_repetition,auth_control_repetition
c2_17,c2_beacon,1,bruteforce,auth_control_repetition,auth_control_repetition
c2_17,c2_beacon,1,c2_beacon,auth_control_repetition,auth_control_repetition
c2_17,c2_beacon,1,bruteforce,auth_control_repetition,auth_control_repetition
c2_17,c2_beacon,1,c2_beacon,auth_control_repetition,auth_control_repetition
c2_17,c2_beacon,1,bruteforce,auth_control_repetition,auth_control_repetition
c2_17,c2_beacon,1,c2_beacon,auth_control_repetition,auth_control_repetition
c2_17,c2_beacon,1,c2_beacon,auth_control_repetition,auth_control_repetition
c2_17,c2_beacon,1,bruteforce,auth_control_repetition,auth_control_repetition
c2_17,c2_beacon,1,c2_beacon,auth_control_repetition,auth_control_repetition
c2_17,c2_beacon,1,bruteforce,auth_control_repetition,auth_control_repetition
c2_17,c2_beacon,1,c2_beacon,auth_control_repetition,auth_control_repetition
c2_17,c2_beacon,1,c2_beacon,auth_control_repetition,auth_control_repetition
c2_17,c2_beacon,1,bruteforce,auth_control_repetition,auth_control_repetition
c2_17,c2_beacon,1,c2_beacon,auth_control_repetition,auth_control_repetition
c2_17,c2_beacon,1,bruteforce,auth_control_repetition,auth_control_repetition
c2_17,c2_beacon,1,c2_beacon,auth_control_repetition,auth_control_repetition
c2_17,c2_beacon,1,c2_beacon,auth_control_repetition,auth_control_repetition
c2_17,c2_beacon,1,bruteforce,auth_control_repetition,auth_control_repetition
c2_17,c2_beacon,1,c2_beacon,auth_control_repetition,auth_control_repetition
c2_17,c2_beacon,1,bruteforce,auth_control_repetition,auth_control_repetition
c2_17,c2_beacon,1,c2_beacon,auth_control_repetition,auth_control_repetition
c2_17,c2_beacon,1,c2_beacon,auth_control_repetition,auth_control_repetition
c2_17,c2_beacon,1,bruteforce,auth_control_repetition,auth_control_repetition
c2_17,c2_beacon,1,c2_beacon,auth_control_repetition,auth_control_repetition
c2_17,c2_beacon,1,bruteforce,auth_control_repetition,auth_control_repetition
c2_17,c2_beacon,1,c2_beacon,auth_control_repetition,auth_control_repetition
c2_17,c2_beacon,1,c2_beacon,auth_control_repetition,auth_control_repetition
c2_17,c2_beacon,1,bruteforce,auth_control_repetition,auth_control_repetition
c2_17,c2_beacon,1,c2_beacon,auth_control_repetition,auth_control_repetition
c2_17,c2_beacon,1,bruteforce,auth_control_repetition,auth_control_repetition
c2_17,c2_beacon,1,c2_beacon,auth_control_repetition,auth_control_repetition
c2_17,c2_beacon,1,c2_beacon,auth_control_repetition,auth_control_repetition
c2_17,c2_beacon,1,bruteforce,auth_control_repetition,auth_control_repetition
c2_17,c2_beacon,1,c2_beacon,auth_control_repetition,auth_control_repetition
c2_17,c2_beacon,1,c2_beacon,auth_control_repetition,auth_control_repetition
c2_17,c2_beacon,1,bruteforce,auth_control_repetition,auth_control_repetition
c2_17,c2_beacon,1,c2_beacon,auth_control_repetition,auth_control_repetition
c2_17,c2_beacon,1,c2_beacon,auth_control_repetition,auth_control_repetition
c2_17,c2_beacon,1,bruteforce,auth_control_repetition,auth_control_repetition
c2_17,c2_beacon,1,c2_beacon,auth_control_repetition,auth_control_repetition
c2_17,c2_beacon,1,bruteforce,auth_control_repetition,auth_control_repetition
c2_17,c2_beacon,1,c2_beacon,auth_control_repetition,auth_control_repetition
c2_17,c2_beacon,1,c2_beacon,auth_control_repetition,auth_control_repetition
c2_17,c2_beacon,1,bruteforce,auth_control_repetition,auth_control_repetition
c2_17,c2_beacon,1,c2_beacon,auth_control_repetition,auth_control_repetition
c2_17,c2_beacon,1,c2_beacon,auth_control_repetition,auth_control_repetition
c2_17,c2_beacon,1,bruteforce,auth_control_repetition,auth_control_repetition
c2_17,c2_beacon,1,c2_beacon,auth_control_repetition,auth_control_repetition
c2_17,c2_beacon,1,bruteforce,auth_control_repetition,auth_control_repetition
c2_17,c2_beacon,1,c2_beacon,auth_control_repetition,auth_control_repetition
c2_17,c2_beacon,1,bruteforce,auth_control_repetition,auth_control_repetition
c2_17,c2_beacon,1,c2_beacon,auth_control_repetition,auth_control_repetition
c2_17,c2_beacon,1,bruteforce,auth_control_repetition,auth_control_repetition
c2_17,c2_beacon,1,c2_beacon,auth_control_repetition,auth_control_repetition
c2_17,c2_beacon,1,c2_beacon,auth_control_repetition,auth_control_repetition
c2_17,c2_beacon,1,bruteforce,auth_control_repetition,auth_control_repetition
c2_17,c2_beacon,1,c2_beacon,auth_control_repetition,auth_control_repetition
c2_17,c2_beacon,1,bruteforce,auth_control_repetition,auth_control_repetition
c2_17,c2_beacon,1,c2_beacon,auth_control_repetition,auth_control_repetition
c2_17,c2_beacon,1,c2_beacon,auth_control_repetition,auth_control_repetition
c2_17,c2_beacon,1,bruteforce,auth_control_repetition,auth_control_repetition
c2_17,c2_beacon,1,c2_beacon,auth_control_repetition,auth_control_repetition
c2_17,c2_beacon,1,c2_beacon,auth_control_repetition,auth_control_repetition
c2_17,c2_beacon,1,bruteforce,auth_control_repetition,auth_control_repetition
c2_17,c2_beacon,1,c2_beacon,auth_control_repetition,auth_control_repetition
c2_17,c2_beacon,1,bruteforce,auth_control_repetition,auth_control_repetition
c2_17,c2_beacon,1,c2_beacon,auth_control_repetition,auth_control_repetition
c2_17,c2_beacon,1,bruteforce,auth_control_repetition,auth_control_repetition
c2_17,c2_beacon,1,c2_beacon,auth_control_repetition,auth_control_repetition
c2_17,c2_beacon,1,c2_beacon,auth_control_repetition,auth_control_repetition
c2_17,c2_beacon,1,bruteforce,auth_control_repetition,auth_control_repetition
c2_17,c2_beacon,1,c2_beacon,auth_control_repetition,auth_control_repetition
c2_17,c2_beacon,1,bruteforce,auth_control_repetition,auth_control_repetition
c2_17,c2_beacon,1,c2_beacon,auth_control_repetition,auth_control_repetition
c2_17,c2_beacon,1,c2_beacon,auth_control_repetition,auth_control_repetition
c2_17,c2_beacon,1,bruteforce,auth_control_repetition,auth_control_repetition
c2_17,c2_beacon,1,c2_beacon,auth_control_repetition,auth_control_repetition
c2_17,c2_beacon,1,bruteforce,auth_control_repetition,auth_control_repetition
c2_17,c2_beacon,1,c2_beacon,auth_control_repetition,auth_control_repetition
c2_17,c2_beacon,1,c2_beacon,auth_control_repetition,auth_control_repetition
c2_17,c2_beacon,1,bruteforce,auth_control_repetition,auth_control_repetition
c2_17,c2_beacon,1,c2_beacon,auth_control_repetition,auth_control_repetition
c2_17,c2_beacon,1,c2_beacon,auth_control_repetition,auth_control_repetition
c2_17,c2_beacon,1,bruteforce,auth_control_repetition,auth_control_repetition
c2_17,c2_beacon,1,c2_beacon,auth_control_repetition,auth_control_repetition
c2_17,c2_beacon,1,bruteforce,auth_control_repetition,auth_control_repetition
c2_17,c2_beacon,1,c2_beacon,auth_control_repetition,auth_control_repetition
c2_17,c2_beacon,1,c2_beacon,auth_control_repetition,auth_control_repetition
c2_17,c2_beacon,1,bruteforce,auth_control_repetition,auth_control_repetition
c2_17,c2_beacon,1,c2_beacon,auth_control_repetition,auth_control_repetition
c2_17,c2_beacon,1,c2_beacon,auth_control_repetition,auth_control_repetition
c2_17,c2_beacon,1,bruteforce,auth_control_repetition,auth_control_repetition
c2_17,c2_beacon,1,c2_beacon,auth_control_repetition,auth_control_repetition
c2_17,c2_beacon,1,bruteforce,auth_control_repetition,auth_control_repetition
c2_17,c2_beacon,1,c2_beacon,auth_control_repetition,auth_control_repetition
c2_17,c2_beacon,1,c2_beacon,auth_control_repetition,auth_control_repetition
c2_17,c2_beacon,1,bruteforce,auth_control_repetition,auth_control_repetition
c2_17,c2_beacon,1,c2_beacon,auth_control_repetition,auth_control_repetition
c2_17,c2_beacon,1,bruteforce,auth_control_repetition,auth_control_repetition
c2_17,c2_beacon,1,c2_beacon,auth_control_repetition,auth_control_repetition
c2_17,c2_beacon,1,bruteforce,auth_control_repetition,auth_control_repetition
c2_17,c2_beacon,1,c2_beacon,auth_control_repetition,auth_control_repetition
c2_17,c2_beacon,1,c2_beacon,auth_control_repetition,auth_control_repetition
c2_17,c2_beacon,1,bruteforce,auth_control_repetition,auth_control_repetition
c2_17,c2_beacon,1,c2_beacon,auth_control_repetition,auth_control_repetition
c2_17,c2_beacon,1,c2_beacon,auth_control_repetition,auth_control_repetition
flood_17,dos_flood,1,c2_beacon,availability_abuse,auth_control_repetition
flood_17,dos_flood,1,mqtt_abuse,availability_abuse,availability_abuse
flood_17,dos_flood,1,c2_beacon,availability_abuse,auth_control_repetition
flood_17,dos_flood,1,bruteforce,availability_abuse,auth_control_repetition
flood_17,dos_flood,1,c2_beacon,availability_abuse,auth_control_repetition
flood_17,dos_flood,1,dos_flood,availability_abuse,availability_abuse
flood_17,dos_flood,1,bruteforce,availability_abuse,auth_control_repetition
flood_17,dos_flood,1,c2_beacon,availability_abuse,auth_control_repetition
flood_17,dos_flood,1,dos_flood,availability_abuse,availability_abuse
flood_17,dos_flood,1,c2_beacon,availability_abuse,auth_control_repetition
flood_17,dos_flood,1,bruteforce,availability_abuse,auth_control_repetition
flood_17,dos_flood,1,c2_beacon,availability_abuse,auth_control_repetition
flood_17,dos_flood,1,dos_flood,availability_abuse,availability_abuse
flood_17,dos_flood,1,bruteforce,availability_abuse,auth_control_repetition
flood_17,dos_flood,1,c2_beacon,availability_abuse,auth_control_repetition
flood_17,dos_flood,1,dos_flood,availability_abuse,availability_abuse
flood_17,dos_flood,1,c2_beacon,availability_abuse,auth_control_repetition
flood_17,dos_flood,1,bruteforce,availability_abuse,auth_control_repetition
flood_17,dos_flood,1,c2_beacon,availability_abuse,auth_control_repetition
flood_17,dos_flood,1,slow_dos,availability_abuse,availability_abuse
flood_17,dos_flood,1,bruteforce,availability_abuse,auth_control_repetition
flood_17,dos_flood,1,c2_beacon,availability_abuse,auth_control_repetition
flood_17,dos_flood,1,c2_beacon,availability_abuse,auth_control_repetition
flood_17,dos_flood,1,dos_flood,availability_abuse,availability_abuse
flood_17,dos_flood,1,bruteforce,availability_abuse,auth_control_repetition
flood_17,dos_flood,1,c2_beacon,availability_abuse,auth_control_repetition
flood_17,dos_flood,1,dos_flood,availability_abuse,availability_abuse
flood_17,dos_flood,1,c2_beacon,availability_abuse,auth_control_repetition
flood_17,dos_flood,1,bruteforce,availability_abuse,auth_control_repetition
flood_17,dos_flood,1,dos_flood,availability_abuse,availability_abuse
flood_17,dos_flood,1,c2_beacon,availability_abuse,auth_control_repetition
flood_17,dos_flood,1,bruteforce,availability_abuse,auth_control_repetition
flood_17,dos_flood,1,c2_beacon,availability_abuse,auth_control_repetition
flood_17,dos_flood,1,slow_dos,availability_abuse,availability_abuse
flood_17,dos_flood,1,bruteforce,availability_abuse,auth_control_repetition
flood_17,dos_flood,1,dos_flood,availability_abuse,availability_abuse
flood_17,dos_flood,1,bruteforce,availability_abuse,auth_control_repetition
flood_17,dos_flood,1,dos_flood,availability_abuse,availability_abuse
flood_17,dos_flood,1,bruteforce,availability_abuse,auth_control_repetition
flood_17,dos_flood,1,dos_flood,availability_abuse,availability_abuse
flood_17,dos_flood,1,bruteforce,availability_abuse,auth_control_repetition
flood_17,dos_flood,1,dos_flood,availability_abuse,availability_abuse
flood_17,dos_flood,1,bruteforce,availability_abuse,auth_control_repetition
flood_17,dos_flood,1,dos_flood,availability_abuse,availability_abuse
flood_17,dos_flood,1,dos_flood,availability_abuse,availability_abuse
flood_17,dos_flood,1,bruteforce,availability_abuse,auth_control_repetition
flood_17,dos_flood,1,dos_flood,availability_abuse,availability_abuse
flood_17,dos_flood,1,c2_beacon,availability_abuse,auth_control_repetition
flood_17,dos_flood,1,dos_flood,availability_abuse,availability_abuse
flood_17,dos_flood,1,dos_flood,availability_abuse,availability_abuse
flood_17,dos_flood,1,slow_dos,availability_abuse,availability_abuse
flood_17,dos_flood,1,dos_flood,availability_abuse,availability_abuse
flood_17,dos_flood,1,dos_flood,availability_abuse,availability_abuse
flood_17,dos_flood,1,dos_flood,availability_abuse,availability_abuse
flood_17,dos_flood,1,dos_flood,availability_abuse,availability_abuse
flood_17,dos_flood,1,dos_flood,availability_abuse,availability_abuse
flood_17,dos_flood,1,dos_flood,availability_abuse,availability_abuse
flood_17,dos_flood,1,dos_flood,availability_abuse,availability_abuse
flood_17,dos_flood,1,dos_flood,availability_abuse,availability_abuse
flood_17,dos_flood,1,slow_dos,availability_abuse,availability_abuse
flood_17,dos_flood,1,dos_flood,availability_abuse,availability_abuse
flood_17,dos_flood,1,slow_dos,availability_abuse,availability_abuse
flood_17,dos_flood,1,dos_flood,availability_abuse,availability_abuse
flood_17,dos_flood,1,mqtt_abuse,availability_abuse,availability_abuse
mqtt_abuse_17,mqtt_abuse,1,dos_flood,availability_abuse,availability_abuse
mqtt_abuse_17,mqtt_abuse,1,dos_flood,availability_abuse,availability_abuse
mqtt_abuse_17,mqtt_abuse,1,mqtt_abuse,availability_abuse,availability_abuse
mqtt_abuse_17,mqtt_abuse,1,dos_flood,availability_abuse,availability_abuse
mqtt_abuse_17,mqtt_abuse,1,mqtt_abuse,availability_abuse,availability_abuse
mqtt_abuse_17,mqtt_abuse,1,dos_flood,availability_abuse,availability_abuse
mqtt_abuse_17,mqtt_abuse,1,mqtt_abuse,availability_abuse,availability_abuse
mqtt_abuse_17,mqtt_abuse,1,mqtt_abuse,availability_abuse,availability_abuse
mqtt_abuse_17,mqtt_abuse,1,slow_dos,availability_abuse,availability_abuse
mqtt_abuse_17,mqtt_abuse,1,mqtt_abuse,availability_abuse,availability_abuse
mqtt_abuse_17,mqtt_abuse,1,dos_flood,availability_abuse,availability_abuse
mqtt_abuse_17,mqtt_abuse,1,mqtt_abuse,availability_abuse,availability_abuse
mqtt_abuse_17,mqtt_abuse,1,mqtt_abuse,availability_abuse,availability_abuse
mqtt_abuse_17,mqtt_abuse,1,dos_flood,availability_abuse,availability_abuse
mqtt_abuse_17,mqtt_abuse,1,mqtt_abuse,availability_abuse,availability_abuse
mqtt_abuse_17,mqtt_abuse,1,dos_flood,availability_abuse,availability_abuse
mqtt_abuse_17,mqtt_abuse,1,mqtt_abuse,availability_abuse,availability_abuse
mqtt_abuse_17,mqtt_abuse,1,mqtt_abuse,availability_abuse,availability_abuse
mqtt_abuse_17,mqtt_abuse,1,mqtt_abuse,availability_abuse,availability_abuse
mqtt_abuse_17,mqtt_abuse,1,mqtt_abuse,availability_abuse,availability_abuse
mqtt_abuse_17,mqtt_abuse,1,dos_flood,availability_abuse,availability_abuse
mqtt_abuse_17,mqtt_abuse,1,mqtt_abuse,availability_abuse,availability_abuse
mqtt_abuse_17,mqtt_abuse,1,mqtt_abuse,availability_abuse,availability_abuse
mqtt_abuse_17,mqtt_abuse,1,dos_flood,availability_abuse,availability_abuse
mqtt_abuse_17,mqtt_abuse,1,mqtt_abuse,availability_abuse,availability_abuse
mqtt_abuse_17,mqtt_abuse,1,mqtt_abuse,availability_abuse,availability_abuse
mqtt_abuse_17,mqtt_abuse,1,mqtt_abuse,availability_abuse,availability_abuse
mqtt_abuse_17,mqtt_abuse,1,dos_flood,availability_abuse,availability_abuse
mqtt_abuse_17,mqtt_abuse,1,mqtt_abuse,availability_abuse,availability_abuse
mqtt_abuse_17,mqtt_abuse,1,mqtt_abuse,availability_abuse,availability_abuse
mqtt_abuse_17,mqtt_abuse,1,dos_flood,availability_abuse,availability_abuse
mqtt_abuse_17,mqtt_abuse,1,mqtt_abuse,availability_abuse,availability_abuse
mqtt_abuse_17,mqtt_abuse,1,mqtt_abuse,availability_abuse,availability_abuse
mqtt_abuse_17,mqtt_abuse,1,dos_flood,availability_abuse,availability_abuse
mqtt_abuse_17,mqtt_abuse,1,mqtt_abuse,availability_abuse,availability_abuse
mqtt_abuse_17,mqtt_abuse,1,slow_dos,availability_abuse,availability_abuse
mqtt_abuse_17,mqtt_abuse,1,mqtt_abuse,availability_abuse,availability_abuse
mqtt_abuse_17,mqtt_abuse,1,dos_flood,availability_abuse,availability_abuse
mqtt_abuse_17,mqtt_abuse,1,mqtt_abuse,availability_abuse,availability_abuse
mqtt_abuse_17,mqtt_abuse,1,mqtt_abuse,availability_abuse,availability_abuse
mqtt_abuse_17,mqtt_abuse,1,mqtt_abuse,availability_abuse,availability_abuse
mqtt_abuse_17,mqtt_abuse,1,mqtt_abuse,availability_abuse,availability_abuse
mqtt_abuse_17,mqtt_abuse,1,dos_flood,availability_abuse,availability_abuse
mqtt_abuse_17,mqtt_abuse,1,mqtt_abuse,availability_abuse,availability_abuse
mqtt_abuse_17,mqtt_abuse,1,mqtt_abuse,availability_abuse,availability_abuse
mqtt_abuse_17,mqtt_abuse,1,slow_dos,availability_abuse,availability_abuse
mqtt_abuse_17,mqtt_abuse,1,mqtt_abuse,availability_abuse,availability_abuse
mqtt_abuse_17,mqtt_abuse,1,dos_flood,availability_abuse,availability_abuse
mqtt_abuse_17,mqtt_abuse,1,mqtt_abuse,availability_abuse,availability_abuse
mqtt_abuse_17,mqtt_abuse,1,mqtt_abuse,availability_abuse,availability_abuse
mqtt_abuse_17,mqtt_abuse,1,dos_flood,availability_abuse,availability_abuse
mqtt_abuse_17,mqtt_abuse,1,mqtt_abuse,availability_abuse,availability_abuse
mqtt_abuse_17,mqtt_abuse,1,dos_flood,availability_abuse,availability_abuse
mqtt_abuse_17,mqtt_abuse,1,mqtt_abuse,availability_abuse,availability_abuse
mqtt_abuse_17,mqtt_abuse,1,mqtt_abuse,availability_abuse,availability_abuse
mqtt_abuse_17,mqtt_abuse,1,dos_flood,availability_abuse,availability_abuse
mqtt_abuse_17,mqtt_abuse,1,mqtt_abuse,availability_abuse,availability_abuse
mqtt_abuse_17,mqtt_abuse,1,dos_flood,availability_abuse,availability_abuse
mqtt_abuse_17,mqtt_abuse,1,mqtt_abuse,availability_abuse,availability_abuse
mqtt_abuse_17,mqtt_abuse,1,mqtt_abuse,availability_abuse,availability_abuse
mqtt_abuse_17,mqtt_abuse,1,dos_flood,availability_abuse,availability_abuse
mqtt_abuse_17,mqtt_abuse,1,mqtt_abuse,availability_abuse,availability_abuse
mqtt_abuse_17,mqtt_abuse,1,dos_flood,availability_abuse,availability_abuse
mqtt_abuse_17,mqtt_abuse,1,mqtt_abuse,availability_abuse,availability_abuse
mqtt_abuse_17,mqtt_abuse,1,mqtt_abuse,availability_abuse,availability_abuse
mqtt_abuse_17,mqtt_abuse,1,dos_flood,availability_abuse,availability_abuse
mqtt_abuse_17,mqtt_abuse,1,mqtt_abuse,availability_abuse,availability_abuse
mqtt_abuse_17,mqtt_abuse,1,dos_flood,availability_abuse,availability_abuse
mqtt_abuse_17,mqtt_abuse,1,mqtt_abuse,availability_abuse,availability_abuse
mqtt_abuse_17,mqtt_abuse,1,mqtt_abuse,availability_abuse,availability_abuse
mqtt_abuse_17,mqtt_abuse,1,dos_flood,availability_abuse,availability_abuse
mqtt_abuse_17,mqtt_abuse,1,mqtt_abuse,availability_abuse,availability_abuse
mqtt_abuse_17,mqtt_abuse,1,dos_flood,availability_abuse,availability_abuse
mqtt_abuse_17,mqtt_abuse,1,mqtt_abuse,availability_abuse,availability_abuse
mqtt_abuse_17,mqtt_abuse,1,mqtt_abuse,availability_abuse,availability_abuse
mqtt_abuse_17,mqtt_abuse,1,mqtt_abuse,availability_abuse,availability_abuse
mqtt_abuse_17,mqtt_abuse,1,mqtt_abuse,availability_abuse,availability_abuse
mqtt_abuse_17,mqtt_abuse,1,slow_dos,availability_abuse,availability_abuse
mqtt_abuse_17,mqtt_abuse,1,mqtt_abuse,availability_abuse,availability_abuse
mqtt_abuse_17,mqtt_abuse,1,slow_dos,availability_abuse,availability_abuse
mqtt_abuse_17,mqtt_abuse,1,mqtt_abuse,availability_abuse,availability_abuse
mqtt_abuse_17,mqtt_abuse,1,mqtt_abuse,availability_abuse,availability_abuse
mqtt_abuse_17,mqtt_abuse,1,dos_flood,availability_abuse,availability_abuse
mqtt_abuse_17,mqtt_abuse,1,mqtt_abuse,availability_abuse,availability_abuse
mqtt_abuse_17,mqtt_abuse,1,dos_flood,availability_abuse,availability_abuse
mqtt_abuse_17,mqtt_abuse,1,mqtt_abuse,availability_abuse,availability_abuse
mqtt_abuse_17,mqtt_abuse,1,dos_flood,availability_abuse,availability_abuse
mqtt_abuse_17,mqtt_abuse,1,mqtt_abuse,availability_abuse,availability_abuse
mqtt_abuse_17,mqtt_abuse,1,mqtt_abuse,availability_abuse,availability_abuse
mqtt_abuse_17,mqtt_abuse,1,slow_dos,availability_abuse,availability_abuse
mqtt_abuse_17,mqtt_abuse,1,mqtt_abuse,availability_abuse,availability_abuse
mqtt_abuse_17,mqtt_abuse,1,dos_flood,availability_abuse,availability_abuse
mqtt_abuse_17,mqtt_abuse,1,mqtt_abuse,availability_abuse,availability_abuse
mqtt_abuse_17,mqtt_abuse,1,mqtt_abuse,availability_abuse,availability_abuse
mqtt_abuse_17,mqtt_abuse,1,slow_dos,availability_abuse,availability_abuse
mqtt_abuse_17,mqtt_abuse,1,mqtt_abuse,availability_abuse,availability_abuse
mqtt_abuse_17,mqtt_abuse,1,dos_flood,availability_abuse,availability_abuse
mqtt_abuse_17,mqtt_abuse,1,mqtt_abuse,availability_abuse,availability_abuse
mqtt_abuse_17,mqtt_abuse,1,mqtt_abuse,availability_abuse,availability_abuse
mqtt_abuse_17,mqtt_abuse,1,slow_dos,availability_abuse,availability_abuse
mqtt_abuse_17,mqtt_abuse,1,mqtt_abuse,availability_abuse,availability_abuse
mqtt_abuse_17,mqtt_abuse,1,dos_flood,availability_abuse,availability_abuse
mqtt_abuse_17,mqtt_abuse,1,mqtt_abuse,availability_abuse,availability_abuse
mqtt_abuse_17,mqtt_abuse,1,dos_flood,availability_abuse,availability_abuse
mqtt_abuse_17,mqtt_abuse,1,mqtt_abuse,availability_abuse,availability_abuse
mqtt_abuse_17,mqtt_abuse,1,mqtt_abuse,availability_abuse,availability_abuse
mqtt_abuse_17,mqtt_abuse,1,dos_flood,availability_abuse,availability_abuse
mqtt_abuse_17,mqtt_abuse,1,mqtt_abuse,availability_abuse,availability_abuse
mqtt_abuse_17,mqtt_abuse,1,dos_flood,availability_abuse,availability_abuse
mqtt_abuse_17,mqtt_abuse,1,mqtt_abuse,availability_abuse,availability_abuse
mqtt_abuse_17,mqtt_abuse,1,mqtt_abuse,availability_abuse,availability_abuse
mqtt_abuse_17,mqtt_abuse,1,slow_dos,availability_abuse,availability_abuse
mqtt_abuse_17,mqtt_abuse,1,mqtt_abuse,availability_abuse,availability_abuse
mqtt_abuse_17,mqtt_abuse,1,dos_flood,availability_abuse,availability_abuse
mqtt_abuse_17,mqtt_abuse,1,mqtt_abuse,availability_abuse,availability_abuse
mqtt_abuse_17,mqtt_abuse,1,dos_flood,availability_abuse,availability_abuse
mqtt_abuse_17,mqtt_abuse,1,mqtt_abuse,availability_abuse,availability_abuse
mqtt_abuse_17,mqtt_abuse,1,slow_dos,availability_abuse,availability_abuse
mqtt_abuse_17,mqtt_abuse,1,mqtt_abuse,availability_abuse,availability_abuse
mqtt_abuse_17,mqtt_abuse,1,mqtt_abuse,availability_abuse,availability_abuse
mqtt_abuse_17,mqtt_abuse,1,slow_dos,availability_abuse,availability_abuse
scan_17,scan,1,scan,recon_scan,recon_scan
scan_17,scan,1,scan,recon_scan,recon_scan
scan_17,scan,1,scan,recon_scan,recon_scan
scan_17,scan,1,scan,recon_scan,recon_scan
scan_17,scan,1,scan,recon_scan,recon_scan
scan_17,scan,1,scan,recon_scan,recon_scan
scan_17,scan,1,scan,recon_scan,recon_scan
scan_17,scan,1,scan,recon_scan,recon_scan
scan_17,scan,1,scan,recon_scan,recon_scan
scan_17,scan,1,scan,recon_scan,recon_scan
scan_17,scan,1,scan,recon_scan,recon_scan
scan_17,scan,1,scan,recon_scan,recon_scan
scan_17,scan,1,scan,recon_scan,recon_scan
scan_17,scan,1,scan,recon_scan,recon_scan
scan_17,scan,1,scan,recon_scan,recon_scan
scan_17,scan,1,scan,recon_scan,recon_scan
scan_17,scan,1,scan,recon_scan,recon_scan
scan_17,scan,1,scan,recon_scan,recon_scan
scan_17,scan,1,scan,recon_scan,recon_scan
scan_17,scan,1,scan,recon_scan,recon_scan
scan_17,scan,1,scan,recon_scan,recon_scan
scan_17,scan,1,scan,recon_scan,recon_scan
scan_17,scan,1,scan,recon_scan,recon_scan
scan_17,scan,1,scan,recon_scan,recon_scan
scan_17,scan,1,scan,recon_scan,recon_scan
scan_17,scan,1,scan,recon_scan,recon_scan
scan_17,scan,1,scan,recon_scan,recon_scan
scan_17,scan,1,scan,recon_scan,recon_scan
scan_17,scan,1,scan,recon_scan,recon_scan
scan_17,scan,1,scan,recon_scan,recon_scan
scan_17,scan,1,scan,recon_scan,recon_scan
scan_17,scan,1,scan,recon_scan,recon_scan
scan_17,scan,1,scan,recon_scan,recon_scan
scan_17,scan,1,scan,recon_scan,recon_scan
scan_17,scan,1,scan,recon_scan,recon_scan
scan_17,scan,1,scan,recon_scan,recon_scan
scan_17,scan,1,scan,recon_scan,recon_scan
scan_17,scan,1,scan,recon_scan,recon_scan
scan_17,scan,1,scan,recon_scan,recon_scan
scan_17,scan,1,scan,recon_scan,recon_scan
scan_17,scan,1,scan,recon_scan,recon_scan
scan_17,scan,1,scan,recon_scan,recon_scan
scan_17,scan,1,scan,recon_scan,recon_scan
scan_17,scan,1,scan,recon_scan,recon_scan
scan_17,scan,1,scan,recon_scan,recon_scan
scan_17,scan,1,scan,recon_scan,recon_scan
scan_17,scan,1,scan,recon_scan,recon_scan
scan_17,scan,1,scan,recon_scan,recon_scan
scan_17,scan,1,scan,recon_scan,recon_scan
scan_17,scan,1,scan,recon_scan,recon_scan
scan_17,scan,1,scan,recon_scan,recon_scan
scan_17,scan,1,scan,recon_scan,recon_scan
scan_17,scan,1,scan,recon_scan,recon_scan
scan_17,scan,1,scan,recon_scan,recon_scan
scan_17,scan,1,scan,recon_scan,recon_scan
scan_17,scan,1,scan,recon_scan,recon_scan
scan_17,scan,1,scan,recon_scan,recon_scan
scan_17,scan,1,scan,recon_scan,recon_scan
scan_17,scan,1,scan,recon_scan,recon_scan
scan_17,scan,1,scan,recon_scan,recon_scan
scan_17,scan,1,scan,recon_scan,recon_scan
scan_17,scan,1,scan,recon_scan,recon_scan
scan_17,scan,1,scan,recon_scan,recon_scan
scan_17,scan,1,scan,recon_scan,recon_scan
scan_17,scan,1,scan,recon_scan,recon_scan
scan_17,scan,1,scan,recon_scan,recon_scan
scan_17,scan,1,scan,recon_scan,recon_scan
scan_17,scan,1,scan,recon_scan,recon_scan
scan_17,scan,1,scan,recon_scan,recon_scan
scan_17,scan,1,scan,recon_scan,recon_scan
scan_17,scan,1,scan,recon_scan,recon_scan
scan_17,scan,1,scan,recon_scan,recon_scan
scan_17,scan,1,scan,recon_scan,recon_scan
scan_17,scan,1,scan,recon_scan,recon_scan
scan_17,scan,1,scan,recon_scan,recon_scan
scan_17,scan,1,scan,recon_scan,recon_scan
scan_17,scan,1,scan,recon_scan,recon_scan
scan_17,scan,1,scan,recon_scan,recon_scan
scan_17,scan,1,scan,recon_scan,recon_scan
scan_17,scan,1,scan,recon_scan,recon_scan
scan_17,scan,1,scan,recon_scan,recon_scan
scan_17,scan,1,scan,recon_scan,recon_scan
scan_17,scan,1,scan,recon_scan,recon_scan
scan_17,scan,1,scan,recon_scan,recon_scan
scan_17,scan,1,scan,recon_scan,recon_scan
scan_17,scan,1,scan,recon_scan,recon_scan
scan_17,scan,1,scan,recon_scan,recon_scan
scan_17,scan,1,scan,recon_scan,recon_scan
scan_17,scan,1,scan,recon_scan,recon_scan
scan_17,scan,1,scan,recon_scan,recon_scan
scan_17,scan,1,scan,recon_scan,recon_scan
scan_17,scan,1,scan,recon_scan,recon_scan
scan_17,scan,1,scan,recon_scan,recon_scan
scan_17,scan,1,scan,recon_scan,recon_scan
scan_17,scan,1,scan,recon_scan,recon_scan
scan_17,scan,1,scan,recon_scan,recon_scan
scan_17,scan,1,scan,recon_scan,recon_scan
scan_17,scan,1,scan,recon_scan,recon_scan
scan_17,scan,1,scan,recon_scan,recon_scan
scan_17,scan,1,scan,recon_scan,recon_scan
scan_17,scan,1,scan,recon_scan,recon_scan
scan_17,scan,1,scan,recon_scan,recon_scan
scan_17,scan,1,scan,recon_scan,recon_scan
scan_17,scan,1,scan,recon_scan,recon_scan
scan_17,scan,1,scan,recon_scan,recon_scan
scan_17,scan,1,scan,recon_scan,recon_scan
scan_17,scan,1,scan,recon_scan,recon_scan
scan_17,scan,1,scan,recon_scan,recon_scan
scan_17,scan,1,scan,recon_scan,recon_scan
scan_17,scan,1,scan,recon_scan,recon_scan
scan_17,scan,1,scan,recon_scan,recon_scan
scan_17,scan,1,scan,recon_scan,recon_scan
scan_17,scan,1,scan,recon_scan,recon_scan
scan_17,scan,1,scan,recon_scan,recon_scan
scan_17,scan,1,scan,recon_scan,recon_scan
scan_17,scan,1,scan,recon_scan,recon_scan
scan_17,scan,1,scan,recon_scan,recon_scan
scan_17,scan,1,scan,recon_scan,recon_scan
scan_17,scan,1,scan,recon_scan,recon_scan
scan_17,scan,1,scan,recon_scan,recon_scan
scan_17,scan,1,scan,recon_scan,recon_scan
scan_17,scan,1,scan,recon_scan,recon_scan
scan_17,scan,1,scan,recon_scan,recon_scan
scan_17,scan,1,scan,recon_scan,recon_scan
scan_17,scan,1,scan,recon_scan,recon_scan
scan_17,scan,1,scan,recon_scan,recon_scan
scan_17,scan,1,scan,recon_scan,recon_scan
scan_17,scan,1,scan,recon_scan,recon_scan
scan_17,scan,1,scan,recon_scan,recon_scan
scan_17,scan,1,scan,recon_scan,recon_scan
scan_17,scan,1,scan,recon_scan,recon_scan
scan_17,scan,1,scan,recon_scan,recon_scan
scan_17,scan,1,scan,recon_scan,recon_scan
scan_17,scan,1,scan,recon_scan,recon_scan
scan_17,scan,1,scan,recon_scan,recon_scan
scan_17,scan,1,scan,recon_scan,recon_scan
scan_17,scan,1,scan,recon_scan,recon_scan
scan_17,scan,1,scan,recon_scan,recon_scan
scan_17,scan,1,scan,recon_scan,recon_scan
scan_17,scan,1,scan,recon_scan,recon_scan
scan_17,scan,1,scan,recon_scan,recon_scan
scan_17,scan,1,scan,recon_scan,recon_scan
scan_17,scan,1,scan,recon_scan,recon_scan
scan_17,scan,1,scan,recon_scan,recon_scan
scan_17,scan,1,scan,recon_scan,recon_scan
scan_17,scan,1,scan,recon_scan,recon_scan
scan_17,scan,1,scan,recon_scan,recon_scan
scan_17,scan,1,scan,recon_scan,recon_scan
scan_17,scan,1,scan,recon_scan,recon_scan
scan_17,scan,1,scan,recon_scan,recon_scan
slow_dos_17,slow_dos,1,dos_flood,availability_abuse,availability_abuse
slow_dos_17,slow_dos,1,dos_flood,availability_abuse,availability_abuse
slow_dos_17,slow_dos,1,dos_flood,availability_abuse,availability_abuse
slow_dos_17,slow_dos,1,slow_dos,availability_abuse,availability_abuse
slow_dos_17,slow_dos,1,slow_dos,availability_abuse,availability_abuse
slow_dos_17,slow_dos,1,slow_dos,availability_abuse,availability_abuse
slow_dos_17,slow_dos,1,slow_dos,availability_abuse,availability_abuse
slow_dos_17,slow_dos,1,slow_dos,availability_abuse,availability_abuse
slow_dos_17,slow_dos,1,slow_dos,availability_abuse,availability_abuse
slow_dos_17,slow_dos,1,slow_dos,availability_abuse,availability_abuse
slow_dos_17,slow_dos,1,slow_dos,availability_abuse,availability_abuse
slow_dos_17,slow_dos,1,slow_dos,availability_abuse,availability_abuse
slow_dos_17,slow_dos,1,slow_dos,availability_abuse,availability_abuse
slow_dos_17,slow_dos,1,slow_dos,availability_abuse,availability_abuse
slow_dos_17,slow_dos,1,slow_dos,availability_abuse,availability_abuse
slow_dos_17,slow_dos,1,slow_dos,availability_abuse,availability_abuse
slow_dos_17,slow_dos,1,slow_dos,availability_abuse,availability_abuse
slow_dos_17,slow_dos,1,slow_dos,availability_abuse,availability_abuse
slow_dos_17,slow_dos,1,slow_dos,availability_abuse,availability_abuse
slow_dos_17,slow_dos,1,slow_dos,availability_abuse,availability_abuse
slow_dos_17,slow_dos,1,slow_dos,availability_abuse,availability_abuse
slow_dos_17,slow_dos,1,slow_dos,availability_abuse,availability_abuse
slow_dos_17,slow_dos,1,slow_dos,availability_abuse,availability_abuse
slow_dos_17,slow_dos,1,slow_dos,availability_abuse,availability_abuse
slow_dos_17,slow_dos,1,slow_dos,availability_abuse,availability_abuse
slow_dos_17,slow_dos,1,slow_dos,availability_abuse,availability_abuse
slow_dos_17,slow_dos,1,slow_dos,availability_abuse,availability_abuse
slow_dos_17,slow_dos,1,slow_dos,availability_abuse,availability_abuse
slow_dos_17,slow_dos,1,slow_dos,availability_abuse,availability_abuse
slow_dos_17,slow_dos,1,slow_dos,availability_abuse,availability_abuse
slow_dos_17,slow_dos,1,slow_dos,availability_abuse,availability_abuse
slow_dos_17,slow_dos,1,slow_dos,availability_abuse,availability_abuse
slow_dos_17,slow_dos,1,slow_dos,availability_abuse,availability_abuse
slow_dos_17,slow_dos,1,slow_dos,availability_abuse,availability_abuse
slow_dos_17,slow_dos,1,slow_dos,availability_abuse,availability_abuse
slow_dos_17,slow_dos,1,slow_dos,availability_abuse,availability_abuse
slow_dos_17,slow_dos,1,dos_flood,availability_abuse,availability_abuse
slow_dos_17,slow_dos,1,slow_dos,availability_abuse,availability_abuse
slow_dos_17,slow_dos,1,slow_dos,availability_abuse,availability_abuse
slow_dos_17,slow_dos,1,slow_dos,availability_abuse,availability_abuse
slow_dos_17,slow_dos,1,slow_dos,availability_abuse,availability_abuse
slow_dos_17,slow_dos,1,slow_dos,availability_abuse,availability_abuse
slow_dos_17,slow_dos,1,slow_dos,availability_abuse,availability_abuse
slow_dos_17,slow_dos,1,slow_dos,availability_abuse,availability_abuse
slow_dos_17,slow_dos,1,slow_dos,availability_abuse,availability_abuse
slow_dos_17,slow_dos,1,slow_dos,availability_abuse,availability_abuse
slow_dos_17,slow_dos,1,slow_dos,availability_abuse,availability_abuse
slow_dos_17,slow_dos,1,slow_dos,availability_abuse,availability_abuse
slow_dos_17,slow_dos,1,slow_dos,availability_abuse,availability_abuse
slow_dos_17,slow_dos,1,slow_dos,availability_abuse,availability_abuse
slow_dos_17,slow_dos,1,slow_dos,availability_abuse,availability_abuse
slow_dos_17,slow_dos,1,slow_dos,availability_abuse,availability_abuse
slow_dos_17,slow_dos,1,slow_dos,availability_abuse,availability_abuse
slow_dos_17,slow_dos,1,slow_dos,availability_abuse,availability_abuse
slow_dos_17,slow_dos,1,slow_dos,availability_abuse,availability_abuse
slow_dos_17,slow_dos,1,slow_dos,availability_abuse,availability_abuse
slow_dos_17,slow_dos,1,slow_dos,availability_abuse,availability_abuse
slow_dos_17,slow_dos,1,slow_dos,availability_abuse,availability_abuse
slow_dos_17,slow_dos,1,slow_dos,availability_abuse,availability_abuse
slow_dos_17,slow_dos,1,slow_dos,availability_abuse,availability_abuse
slow_dos_17,slow_dos,1,slow_dos,availability_abuse,availability_abuse
slow_dos_17,slow_dos,1,slow_dos,availability_abuse,availability_abuse
slow_dos_17,slow_dos,1,slow_dos,availability_abuse,availability_abuse
slow_dos_17,slow_dos,1,slow_dos,availability_abuse,availability_abuse
slow_dos_17,slow_dos,1,slow_dos,availability_abuse,availability_abuse
slow_dos_17,slow_dos,1,slow_dos,availability_abuse,availability_abuse
slow_dos_17,slow_dos,1,slow_dos,availability_abuse,availability_abuse
slow_dos_17,slow_dos,1,slow_dos,availability_abuse,availability_abuse
slow_dos_17,slow_dos,1,slow_dos,availability_abuse,availability_abuse
slow_dos_17,slow_dos,1,slow_dos,availability_abuse,availability_abuse
slow_dos_17,slow_dos,1,slow_dos,availability_abuse,availability_abuse
slow_dos_17,slow_dos,1,slow_dos,availability_abuse,availability_abuse
slow_dos_17,slow_dos,1,slow_dos,availability_abuse,availability_abuse
slow_dos_17,slow_dos,1,slow_dos,availability_abuse,availability_abuse
slow_dos_17,slow_dos,1,slow_dos,availability_abuse,availability_abuse
slow_dos_17,slow_dos,1,slow_dos,availability_abuse,availability_abuse
slow_dos_17,slow_dos,1,slow_dos,availability_abuse,availability_abuse
slow_dos_17,slow_dos,1,slow_dos,availability_abuse,availability_abuse
slow_dos_17,slow_dos,1,slow_dos,availability_abuse,availability_abuse
slow_dos_17,slow_dos,1,slow_dos,availability_abuse,availability_abuse
slow_dos_17,slow_dos,1,slow_dos,availability_abuse,availability_abuse
slow_dos_17,slow_dos,1,slow_dos,availability_abuse,availability_abuse
slow_dos_17,slow_dos,1,slow_dos,availability_abuse,availability_abuse
slow_dos_17,slow_dos,1,slow_dos,availability_abuse,availability_abuse
slow_dos_17,slow_dos,1,slow_dos,availability_abuse,availability_abuse
slow_dos_17,slow_dos,1,slow_dos,availability_abuse,availability_abuse
slow_dos_17,slow_dos,1,slow_dos,availability_abuse,availability_abuse
slow_dos_17,slow_dos,1,slow_dos,availability_abuse,availability_abuse
slow_dos_17,slow_dos,1,dos_flood,availability_abuse,availability_abuse
slow_dos_17,slow_dos,1,slow_dos,availability_abuse,availability_abuse
slow_dos_17,slow_dos,1,dos_flood,availability_abuse,availability_abuse
slow_dos_17,slow_dos,1,dos_flood,availability_abuse,availability_abuse
slow_dos_17,slow_dos,1,mqtt_abuse,availability_abuse,availability_abuse
slow_dos_17,slow_dos,1,slow_dos,availability_abuse,availability_abuse
slow_dos_17,slow_dos,1,slow_dos,availability_abuse,availability_abuse
slow_dos_17,slow_dos,1,slow_dos,availability_abuse,availability_abuse
slow_dos_17,slow_dos,1,slow_dos,availability_abuse,availability_abuse
slow_dos_17,slow_dos,1,slow_dos,availability_abuse,availability_abuse
slow_dos_17,slow_dos,1,slow_dos,availability_abuse,availability_abuse
slow_dos_17,slow_dos,1,slow_dos,availability_abuse,availability_abuse
slow_dos_17,slow_dos,1,slow_dos,availability_abuse,availability_abuse
slow_dos_17,slow_dos,1,slow_dos,availability_abuse,availability_abuse
slow_dos_17,slow_dos,1,slow_dos,availability_abuse,availability_abuse
slow_dos_17,slow_dos,1,slow_dos,availability_abuse,availability_abuse
slow_dos_17,slow_dos,1,slow_dos,availability_abuse,availability_abuse
slow_dos_17,slow_dos,1,slow_dos,availability_abuse,availability_abuse
slow_dos_17,slow_dos,1,slow_dos,availability_abuse,availability_abuse
slow_dos_17,slow_dos,1,slow_dos,availability_abuse,availability_abuse
slow_dos_17,slow_dos,1,slow_dos,availability_abuse,availability_abuse
slow_dos_17,slow_dos,1,slow_dos,availability_abuse,availability_abuse
slow_dos_17,slow_dos,1,slow_dos,availability_abuse,availability_abuse
slow_dos_17,slow_dos,1,slow_dos,availability_abuse,availability_abuse
slow_dos_17,slow_dos,1,slow_dos,availability_abuse,availability_abuse
slow_dos_17,slow_dos,1,slow_dos,availability_abuse,availability_abuse
slow_dos_17,slow_dos,1,slow_dos,availability_abuse,availability_abuse
slow_dos_17,slow_dos,1,slow_dos,availability_abuse,availability_abuse
slow_dos_17,slow_dos,1,slow_dos,availability_abuse,availability_abuse
slow_dos_17,slow_dos,1,slow_dos,availability_abuse,availability_abuse
slow_dos_17,slow_dos,1,slow_dos,availability_abuse,availability_abuse
slow_dos_17,slow_dos,1,slow_dos,availability_abuse,availability_abuse
slow_dos_17,slow_dos,1,slow_dos,availability_abuse,availability_abuse
slow_dos_17,slow_dos,1,slow_dos,availability_abuse,availability_abuse
slow_dos_17,slow_dos,1,slow_dos,availability_abuse,availability_abuse
slow_dos_17,slow_dos,1,slow_dos,availability_abuse,availability_abuse
slow_dos_17,slow_dos,1,slow_dos,availability_abuse,availability_abuse
slow_dos_17,slow_dos,1,slow_dos,availability_abuse,availability_abuse
slow_dos_17,slow_dos,1,slow_dos,availability_abuse,availability_abuse
slow_dos_17,slow_dos,1,slow_dos,availability_abuse,availability_abuse
slow_dos_17,slow_dos,1,slow_dos,availability_abuse,availability_abuse
slow_dos_17,slow_dos,1,slow_dos,availability_abuse,availability_abuse
slow_dos_17,slow_dos,1,slow_dos,availability_abuse,availability_abuse
slow_dos_17,slow_dos,1,slow_dos,availability_abuse,availability_abuse
slow_dos_17,slow_dos,1,dos_flood,availability_abuse,availability_abuse
slow_dos_17,slow_dos,1,slow_dos,availability_abuse,availability_abuse
slow_dos_17,slow_dos,1,slow_dos,availability_abuse,availability_abuse
slow_dos_17,slow_dos,1,slow_dos,availability_abuse,availability_abuse
slow_dos_17,slow_dos,1,slow_dos,availability_abuse,availability_abuse
slow_dos_17,slow_dos,1,slow_dos,availability_abuse,availability_abuse
slow_dos_17,slow_dos,1,slow_dos,availability_abuse,availability_abuse
slow_dos_17,slow_dos,1,slow_dos,availability_abuse,availability_abuse
slow_dos_17,slow_dos,1,slow_dos,availability_abuse,availability_abuse
slow_dos_17,slow_dos,1,slow_dos,availability_abuse,availability_abuse
slow_dos_17,slow_dos,1,slow_dos,availability_abuse,availability_abuse
slow_dos_17,slow_dos,1,slow_dos,availability_abuse,availability_abuse
slow_dos_17,slow_dos,1,slow_dos,availability_abuse,availability_abuse
slow_dos_17,slow_dos,1,slow_dos,availability_abuse,availability_abuse
slow_dos_17,slow_dos,1,slow_dos,availability_abuse,availability_abuse
slow_dos_17,slow_dos,1,slow_dos,availability_abuse,availability_abuse
slow_dos_17,slow_dos,1,slow_dos,availability_abuse,availability_abuse
slow_dos_17,slow_dos,1,slow_dos,availability_abuse,availability_abuse
slow_dos_17,slow_dos,1,slow_dos,availability_abuse,availability_abuse
slow_dos_17,slow_dos,1,slow_dos,availability_abuse,availability_abuse
slow_dos_17,slow_dos,1,slow_dos,availability_abuse,availability_abuse
slow_dos_17,slow_dos,1,slow_dos,availability_abuse,availability_abuse
slow_dos_17,slow_dos,1,slow_dos,availability_abuse,availability_abuse
slow_dos_17,slow_dos,1,slow_dos,availability_abuse,availability_abuse
slow_dos_17,slow_dos,1,slow_dos,availability_abuse,availability_abuse
slow_dos_17,slow_dos,1,slow_dos,availability_abuse,availability_abuse
slow_dos_17,slow_dos,1,slow_dos,availability_abuse,availability_abuse
slow_dos_17,slow_dos,1,slow_dos,availability_abuse,availability_abuse
slow_dos_17,slow_dos,1,slow_dos,availability_abuse,availability_abuse
slow_dos_17,slow_dos,1,slow_dos,availability_abuse,availability_abuse
slow_dos_17,slow_dos,1,slow_dos,availability_abuse,availability_abuse
slow_dos_17,slow_dos,1,slow_dos,availability_abuse,availability_abuse
slow_dos_17,slow_dos,1,slow_dos,availability_abuse,availability_abuse
slow_dos_17,slow_dos,1,slow_dos,availability_abuse,availability_abuse
slow_dos_17,slow_dos,1,slow_dos,availability_abuse,availability_abuse
slow_dos_17,slow_dos,1,slow_dos,availability_abuse,availability_abuse
slow_dos_17,slow_dos,1,slow_dos,availability_abuse,availability_abuse
slow_dos_17,slow_dos,1,slow_dos,availability_abuse,availability_abuse
slow_dos_17,slow_dos,1,slow_dos,availability_abuse,availability_abuse
slow_dos_17,slow_dos,1,slow_dos,availability_abuse,availability_abuse
slow_dos_17,slow_dos,1,slow_dos,availability_abuse,availability_abuse
slow_dos_17,slow_dos,1,slow_dos,availability_abuse,availability_abuse
slow_dos_17,slow_dos,1,slow_dos,availability_abuse,availability_abuse
slow_dos_17,slow_dos,1,slow_dos,availability_abuse,availability_abuse
slow_dos_17,slow_dos,1,slow_dos,availability_abuse,availability_abuse
slow_dos_17,slow_dos,1,slow_dos,availability_abuse,availability_abuse
slow_dos_17,slow_dos,1,slow_dos,availability_abuse,availability_abuse
slow_dos_17,slow_dos,1,slow_dos,availability_abuse,availability_abuse
slow_dos_17,slow_dos,1,mqtt_abuse,availability_abuse,availability_abuse
slow_dos_17,slow_dos,1,dos_flood,availability_abuse,availability_abuse
slow_dos_17,slow_dos,1,dos_flood,availability_abuse,availability_abuse
slow_dos_17,slow_dos,1,dos_flood,availability_abuse,availability_abuse
slow_dos_17,slow_dos,1,dos_flood,availability_abuse,availability_abuse
slow_dos_17,slow_dos,1,dos_flood,availability_abuse,availability_abuse
slow_dos_17,slow_dos,1,dos_flood,availability_abuse,availability_abuse
slow_dos_17,slow_dos,1,dos_flood,availability_abuse,availability_abuse
slow_dos_17,slow_dos,1,slow_dos,availability_abuse,availability_abuse
slow_dos_17,slow_dos,1,dos_flood,availability_abuse,availability_abuse
slow_dos_17,slow_dos,1,slow_dos,availability_abuse,availability_abuse
slow_dos_17,slow_dos,1,dos_flood,availability_abuse,availability_abuse
slow_dos_17,slow_dos,1,dos_flood,availability_abuse,availability_abuse
slow_dos_17,slow_dos,1,dos_flood,availability_abuse,availability_abuse
slow_dos_17,slow_dos,1,dos_flood,availability_abuse,availability_abuse
slow_dos_17,slow_dos,1,dos_flood,availability_abuse,availability_abuse
slow_dos_17,slow_dos,1,dos_flood,availability_abuse,availability_abuse
slow_dos_17,slow_dos,1,dos_flood,availability_abuse,availability_abuse
slow_dos_17,slow_dos,1,dos_flood,availability_abuse,availability_abuse
slow_dos_17,slow_dos,1,slow_dos,availability_abuse,availability_abuse
slow_dos_17,slow_dos,1,slow_dos,availability_abuse,availability_abuse
slow_dos_17,slow_dos,1,mqtt_abuse,availability_abuse,availability_abuse
slow_dos_17,slow_dos,1,dos_flood,availability_abuse,availability_abuse
slow_dos_17,slow_dos,1,slow_dos,availability_abuse,availability_abuse
slow_dos_17,slow_dos,1,slow_dos,availability_abuse,availability_abuse
slow_dos_17,slow_dos,1,dos_flood,availability_abuse,availability_abuse
slow_dos_17,slow_dos,1,dos_flood,availability_abuse,availability_abuse
slow_dos_17,slow_dos,1,slow_dos,availability_abuse,availability_abuse
slow_dos_17,slow_dos,1,slow_dos,availability_abuse,availability_abuse
slow_dos_17,slow_dos,1,dos_flood,availability_abuse,availability_abuse
slow_dos_17,slow_dos,1,slow_dos,availability_abuse,availability_abuse
slow_dos_17,slow_dos,1,dos_flood,availability_abuse,availability_abuse
slow_dos_17,slow_dos,1,dos_flood,availability_abuse,availability_abuse
slow_dos_17,slow_dos,1,slow_dos,availability_abuse,availability_abuse
slow_dos_17,slow_dos,1,dos_flood,availability_abuse,availability_abuse
slow_dos_17,slow_dos,1,mqtt_abuse,availability_abuse,availability_abuse
slow_dos_17,slow_dos,1,dos_flood,availability_abuse,availability_abuse
slow_dos_17,slow_dos,1,dos_flood,availability_abuse,availability_abuse
slow_dos_17,slow_dos,1,dos_flood,availability_abuse,availability_abuse
slow_dos_17,slow_dos,1,slow_dos,availability_abuse,availability_abuse
slow_dos_17,slow_dos,1,slow_dos,availability_abuse,availability_abuse
slow_dos_17,slow_dos,1,dos_flood,availability_abuse,availability_abuse
slow_dos_17,slow_dos,1,dos_flood,availability_abuse,availability_abuse
slow_dos_17,slow_dos,1,mqtt_abuse,availability_abuse,availability_abuse
slow_dos_17,slow_dos,1,dos_flood,availability_abuse,availability_abuse
slow_dos_17,slow_dos,1,dos_flood,availability_abuse,availability_abuse
slow_dos_17,slow_dos,1,dos_flood,availability_abuse,availability_abuse
slow_dos_17,slow_dos,1,mqtt_abuse,availability_abuse,availability_abuse
slow_dos_17,slow_dos,1,dos_flood,availability_abuse,availability_abuse
slow_dos_17,slow_dos,1,dos_flood,availability_abuse,availability_abuse
slow_dos_17,slow_dos,1,dos_flood,availability_abuse,availability_abuse
slow_dos_17,slow_dos,1,mqtt_abuse,availability_abuse,availability_abuse
slow_dos_17,slow_dos,1,dos_flood,availability_abuse,availability_abuse
