capture_id,y_true,y_pred,attack_type_original
benign_04,benign,benign,benign
benign_04,benign,benign,benign
benign_04,benign,benign,benign
benign_04,benign,benign,benign
benign_04,benign,benign,benign
benign_04,benign,benign,benign
benign_04,benign,benign,benign
benign_04,benign,benign,benign
benign_04,benign,benign,benign
benign_04,benign,benign,benign
benign_04,benign,benign,benign
benign_04,benign,benign,benign
benign_04,benign,benign,benign
benign_04,benign,benign,benign
benign_04,benign,benign,benign
benign_04,benign,benign,benign
benign_04,benign,benign,benign
benign_04,benign,benign,benign
benign_04,benign,benign,benign
benign_04,benign,benign,benign
benign_04,benign,benign,benign
benign_04,benign,benign,benign
benign_04,benign,benign,benign
benign_04,benign,benign,benign
benign_04,benign,benign,benign
benign_04,benign,benign,benign
benign_04,benign,benign,benign
benign_04,benign,benign,benign
benign_04,benign,benign,benign
benign_04,benign,benign,benign
benign_04,benign,benign,benign
benign_04,benign,benign,benign
benign_04,benign,benign,benign
benign_04,benign,benign,benign
benign_04,benign,benign,benign
benign_04,benign,benign,benign
benign_04,benign,benign,benign
bruteforce_04,bruteforce,bruteforce,bruteforce
bruteforce_04,bruteforce,bruteforce,bruteforce
bruteforce_04,bruteforce,bruteforce,bruteforce
bruteforce_04,bruteforce,bruteforce,bruteforce
bruteforce_04,bruteforce,bruteforce,bruteforce
bruteforce_04,bruteforce,bruteforce,bruteforce
bruteforce_04,bruteforce,bruteforce,bruteforce
bruteforce_04,bruteforce,bruteforce,bruteforce
bruteforce_04,bruteforce,bruteforce,bruteforce
bruteforce_04,bruteforce,bruteforce,bruteforce
bruteforce_04,bruteforce,bruteforce,bruteforce
bruteforce_04,bruteforce,bruteforce,bruteforce
bruteforce_04,bruteforce,bruteforce,bruteforce
bruteforce_04,bruteforce,bruteforce,bruteforce
bruteforce_04,bruteforce,bruteforce,bruteforce
bruteforce_04,bruteforce,bruteforce,bruteforce
bruteforce_04,bruteforce,bruteforce,bruteforce
bruteforce_04,bruteforce,bruteforce,bruteforce
bruteforce_04,bruteforce,bruteforce,bruteforce
bruteforce_04,bruteforce,bruteforce,bruteforce
bruteforce_04,bruteforce,bruteforce,bruteforce
bruteforce_04,bruteforce,bruteforce,bruteforce
bruteforce_04,bruteforce,bruteforce,bruteforce
bruteforce_04,bruteforce,bruteforce,bruteforce
bruteforce_04,bruteforce,bruteforce,bruteforce
bruteforce_04,bruteforce,bruteforce,bruteforce
bruteforce_04,bruteforce,bruteforce,bruteforce
bruteforce_04,bruteforce,bruteforce,bruteforce
bruteforce_04,bruteforce,bruteforce,bruteforce
bruteforce_04,bruteforce,bruteforce,bruteforce
bruteforce_04,bruteforce,bruteforce,bruteforce
bruteforce_04,bruteforce,bruteforce,bruteforce
bruteforce_04,bruteforce,bruteforce,bruteforce
bruteforce_04,bruteforce,bruteforce,bruteforce
bruteforce_04,bruteforce,bruteforce,bruteforce
c2_04,c2_beacon,c2_beacon,c2_beacon
c2_04,c2_beacon,c2_beacon,c2_beacon
c2_04,c2_beacon,c2_beacon,c2_beacon
c2_04,c2_beacon,c2_beacon,c2_beacon
c2_04,c2_beacon,c2_beacon,c2_beacon
c2_04,c2_beacon,c2_beacon,c2_beacon
c2_04,c2_beacon,c2_beacon,c2_beacon
c2_04,c2_beacon,c2_beacon,c2_beacon
c2_04,c2_beacon,c2_beacon,c2_beacon
c2_04,c2_beacon,c2_beacon,c2_beacon
c2_04,c2_beacon,c2_beacon,c2_beacon
c2_04,c2_beacon,c2_beacon,c2_beacon
c2_04,c2_beacon,c2_beacon,c2_beacon
c2_04,c2_beacon,c2_beacon,c2_beacon
c2_04,c2_beacon,c2_beacon,c2_beacon
c2_04,c2_beacon,c2_beacon,c2_beacon
c2_04,c2_beacon,c2_beacon,c2_beacon
c2_04,c2_beacon,c2_beacon,c2_beacon
c2_04,c2_beacon,c2_beacon,c2_beacon
c2_04,c2_beacon,c2_beacon,c2_beacon
flood_04,dos_flood,dos_flood,dos_flood
flood_04,dos_flood,dos_flood,dos_flood
flood_04,dos_flood,dos_flood,dos_flood
flood_04,dos_flood,dos_flood,dos_flood
flood_04,dos_flood,dos_flood,dos_flood
flood_04,dos_flood,dos_flood,dos_flood
flood_04,dos_flood,dos_flood,dos_flood
flood_04,dos_flood,dos_flood,dos_flood
flood_04,dos_flood,dos_flood,dos_flood
flood_04,dos_flood,dos_flood,dos_flood
flood_04,dos_flood,dos_flood,dos_flood
flood_04,dos_flood,dos_flood,dos_flood
flood_04,dos_flood,dos_flood,dos_flood
flood_04,dos_flood,dos_flood,dos_flood
flood_04,dos_flood,dos_flood,dos_flood
flood_04,dos_flood,dos_flood,dos_flood
flood_04,dos_flood,dos_flood,dos_flood
flood_04,dos_flood,dos_flood,dos_flood
flood_04,dos_flood,dos_flood,dos_flood
flood_04,dos_flood,dos_flood,dos_flood
flood_04,dos_flood,dos_flood,dos_flood
flood_04,dos_flood,dos_flood,dos_flood
flood_04,dos_flood,dos_flood,dos_flood
flood_04,dos_flood,dos_flood,dos_flood
flood_04,dos_flood,dos_flood,dos_flood
flood_04,dos_flood,dos_flood,dos_flood
flood_04,dos_flood,dos_flood,dos_flood
flood_04,dos_flood,dos_flood,dos_flood
flood_04,dos_flood,dos_flood,dos_flood
flood_04,dos_flood,dos_flood,dos_flood
flood_04,dos_flood,dos_flood,dos_flood
flood_04,dos_flood,dos_flood,dos_flood
flood_04,dos_flood,dos_flood,dos_flood
flood_04,dos_flood,dos_flood,dos_flood
flood_04,dos_flood,dos_flood,dos_flood
flood_04,dos_flood,dos_flood,dos_flood
flood_04,dos_flood,dos_flood,dos_flood
flood_04,dos_flood,dos_flood,dos_flood
flood_04,dos_flood,dos_flood,dos_flood
flood_04,dos_flood,dos_flood,dos_flood
flood_04,dos_flood,dos_flood,dos_flood
flood_04,dos_flood,dos_flood,dos_flood
flood_04,dos_flood,dos_flood,dos_flood
flood_04,dos_flood,dos_flood,dos_flood
flood_04,dos_flood,dos_flood,dos_flood
flood_04,dos_flood,dos_flood,dos_flood
flood_04,dos_flood,dos_flood,dos_flood
flood_04,dos_flood,dos_flood,dos_flood
flood_04,dos_flood,dos_flood,dos_flood
flood_04,dos_flood,dos_flood,dos_flood
flood_04,dos_flood,dos_flood,dos_flood
flood_04,dos_flood,dos_flood,dos_flood
flood_04,dos_flood,dos_flood,dos_flood
flood_04,dos_flood,dos_flood,dos_flood
flood_04,dos_flood,dos_flood,dos_flood
flood_04,dos_flood,dos_flood,dos_flood
flood_04,dos_flood,dos_flood,dos_flood
flood_04,dos_flood,dos_flood,dos_flood
flood_04,dos_flood,dos_flood,dos_flood
flood_04,dos_flood,dos_flood,dos_flood
flood_04,dos_flood,dos_flood,dos_flood
flood_04,dos_flood,dos_flood,dos_flood
flood_04,dos_flood,dos_flood,dos_flood
flood_04,dos_flood,dos_flood,dos_flood
flood_04,dos_flood,dos_flood,dos_flood
flood_04,dos_flood,dos_flood,dos_flood
flood_04,dos_flood,dos_flood,dos_flood
flood_04,dos_flood,dos_flood,dos_flood
flood_04,dos_flood,dos_flood,dos_flood
flood_04,dos_flood,dos_flood,dos_flood
flood_04,dos_flood,dos_flood,dos_flood
flood_04,dos_flood,dos_flood,dos_flood
flood_04,dos_flood,dos_flood,dos_flood
flood_04,dos_flood,dos_flood,dos_flood
flood_04,dos_flood,dos_flood,dos_flood
flood_04,dos_flood,dos_flood,dos_flood
flood_04,dos_flood,dos_flood,dos_flood
flood_04,dos_flood,dos_flood,dos_flood
flood_04,dos_flood,dos_flood,dos_flood
flood_04,dos_flood,dos_flood,dos_flood
flood_04,dos_flood,dos_flood,dos_flood
flood_04,dos_flood,dos_flood,dos_flood
flood_04,dos_flood,dos_flood,dos_flood
flood_04,dos_flood,dos_flood,dos_flood
flood_04,dos_flood,dos_flood,dos_flood
flood_04,dos_flood,dos_flood,dos_flood
flood_04,dos_flood,dos_flood,dos_flood
flood_04,dos_flood,dos_flood,dos_flood
flood_04,dos_flood,dos_flood,dos_flood
flood_04,dos_flood,dos_flood,dos_flood
flood_04,dos_flood,dos_flood,dos_flood
flood_04,dos_flood,dos_flood,dos_flood
flood_04,dos_flood,dos_flood,dos_flood
flood_04,dos_flood,dos_flood,dos_flood
flood_04,dos_flood,dos_flood,dos_flood
flood_04,dos_flood,dos_flood,dos_flood
flood_04,dos_flood,dos_flood,dos_flood
flood_04,dos_flood,dos_flood,dos_flood
flood_04,dos_flood,dos_flood,dos_flood
flood_04,dos_flood,dos_flood,dos_flood
flood_04,dos_flood,dos_flood,dos_flood
flood_04,dos_flood,dos_flood,dos_flood
flood_04,dos_flood,dos_flood,dos_flood
flood_04,dos_flood,dos_flood,dos_flood
flood_04,dos_flood,dos_flood,dos_flood
flood_04,dos_flood,dos_flood,dos_flood
flood_04,dos_flood,dos_flood,dos_flood
flood_04,dos_flood,dos_flood,dos_flood
flood_04,dos_flood,dos_flood,dos_flood
flood_04,dos_flood,dos_flood,dos_flood
flood_04,dos_flood,dos_flood,dos_flood
flood_04,dos_flood,dos_flood,dos_flood
flood_04,dos_flood,dos_flood,dos_flood
flood_04,dos_flood,dos_flood,dos_flood
flood_04,dos_flood,dos_flood,dos_flood
flood_04,dos_flood,dos_flood,dos_flood
flood_04,dos_flood,dos_flood,dos_flood
flood_04,dos_flood,dos_flood,dos_flood
flood_04,dos_flood,dos_flood,dos_flood
flood_04,dos_flood,dos_flood,dos_flood
flood_04,dos_flood,dos_flood,dos_flood
flood_04,dos_flood,dos_flood,dos_flood
flood_04,dos_flood,dos_flood,dos_flood
flood_04,dos_flood,dos_flood,dos_flood
flood_04,dos_flood,dos_flood,dos_flood
flood_04,dos_flood,dos_flood,dos_flood
flood_04,dos_flood,dos_flood,dos_flood
flood_04,dos_flood,dos_flood,dos_flood
flood_04,dos_flood,dos_flood,dos_flood
flood_04,dos_flood,dos_flood,dos_flood
flood_04,dos_flood,dos_flood,dos_flood
flood_04,dos_flood,dos_flood,dos_flood
flood_04,dos_flood,dos_flood,dos_flood
flood_04,dos_flood,dos_flood,dos_flood
flood_04,dos_flood,dos_flood,dos_flood
flood_04,dos_flood,dos_flood,dos_flood
flood_04,dos_flood,dos_flood,dos_flood
flood_04,dos_flood,dos_flood,dos_flood
flood_04,dos_flood,dos_flood,dos_flood
flood_04,dos_flood,dos_flood,dos_flood
flood_04,dos_flood,dos_flood,dos_flood
flood_04,dos_flood,dos_flood,dos_flood
flood_04,dos_flood,dos_flood,dos_flood
flood_04,dos_flood,dos_flood,dos_flood
flood_04,dos_flood,dos_flood,dos_flood
flood_04,dos_flood,dos_flood,dos_flood
flood_04,dos_flood,dos_flood,dos_flood
flood_04,dos_flood,dos_flood,dos_flood
flood_04,dos_flood,dos_flood,dos_flood
flood_04,dos_flood,dos_flood,dos_flood
flood_04,dos_flood,dos_flood,dos_flood
flood_04,dos_flood,dos_flood,dos_flood
flood_04,dos_flood,dos_flood,dos_flood
flood_04,dos_flood,dos_flood,dos_flood
flood_04,dos_flood,dos_flood,dos_flood
flood_04,dos_flood,dos_flood,dos_flood
flood_04,dos_flood,dos_flood,dos_flood
flood_04,dos_flood,dos_flood,dos_flood
flood_04,dos_flood,dos_flood,dos_flood
flood_04,dos_flood,dos_flood,dos_flood
flood_04,dos_flood,dos_flood,dos_flood
flood_04,dos_flood,dos_flood,dos_flood
flood_04,dos_flood,dos_flood,dos_flood
flood_04,dos_flood,dos_flood,dos_flood
flood_04,dos_flood,dos_flood,dos_flood
flood_04,dos_flood,dos_flood,dos_flood
flood_04,dos_flood,dos_flood,dos_flood
flood_04,dos_flood,dos_flood,dos_flood
flood_04,dos_flood,dos_flood,dos_flood
flood_04,dos_flood,dos_flood,dos_flood
flood_04,dos_flood,dos_flood,dos_flood
flood_04,dos_flood,dos_flood,dos_flood
flood_04,dos_flood,dos_flood,dos_flood
flood_04,dos_flood,dos_flood,dos_flood
flood_04,dos_flood,dos_flood,dos_flood
flood_04,dos_flood,dos_flood,dos_flood
flood_04,dos_flood,dos_flood,dos_flood
flood_04,dos_flood,dos_flood,dos_flood
flood_04,dos_flood,dos_flood,dos_flood
flood_04,dos_flood,dos_flood,dos_flood
flood_04,dos_flood,dos_flood,dos_flood
flood_04,dos_flood,dos_flood,dos_flood
flood_04,dos_flood,dos_flood,dos_flood
flood_04,dos_flood,dos_flood,dos_flood
flood_04,dos_flood,dos_flood,dos_flood
flood_04,dos_flood,dos_flood,dos_flood
flood_04,dos_flood,dos_flood,dos_flood
flood_04,dos_flood,dos_flood,dos_flood
flood_04,dos_flood,dos_flood,dos_flood
flood_04,dos_flood,dos_flood,dos_flood
flood_04,dos_flood,dos_flood,dos_flood
flood_04,dos_flood,dos_flood,dos_flood
flood_04,dos_flood,dos_flood,dos_flood
flood_04,dos_flood,dos_flood,dos_flood
flood_04,dos_flood,dos_flood,dos_flood
flood_04,dos_flood,dos_flood,dos_flood
flood_04,dos_flood,dos_flood,dos_flood
flood_04,dos_flood,dos_flood,dos_flood
flood_04,dos_flood,dos_flood,dos_flood
flood_04,dos_flood,dos_flood,dos_flood
flood_04,dos_flood,dos_flood,dos_flood
flood_04,dos_flood,dos_flood,dos_flood
flood_04,dos_flood,dos_flood,dos_flood
flood_04,dos_flood,dos_flood,dos_flood
flood_04,dos_flood,dos_flood,dos_flood
flood_04,dos_flood,dos_flood,dos_flood
flood_04,dos_flood,dos_flood,dos_flood
flood_04,dos_flood,dos_flood,dos_flood
flood_04,dos_flood,dos_flood,dos_flood
flood_04,dos_flood,dos_flood,dos_flood
flood_04,dos_flood,dos_flood,dos_flood
flood_04,dos_flood,dos_flood,dos_flood
flood_04,dos_flood,dos_flood,dos_flood
flood_04,dos_flood,dos_flood,dos_flood
flood_04,dos_flood,dos_flood,dos_flood
flood_04,dos_flood,dos_flood,dos_flood
flood_04,dos_flood,dos_flood,dos_flood
flood_04,dos_flood,dos_flood,dos_flood
flood_04,dos_flood,dos_flood,dos_flood
flood_04,dos_flood,dos_flood,dos_flood
flood_04,dos_flood,dos_flood,dos_flood
flood_04,dos_flood,dos_flood,dos_flood
flood_04,dos_flood,dos_flood,dos_flood
flood_04,dos_flood,dos_flood,dos_flood
flood_04,dos_flood,dos_flood,dos_flood
flood_04,dos_flood,dos_flood,dos_flood
flood_04,dos_flood,dos_flood,dos_flood
flood_04,dos_flood,dos_flood,dos_flood
flood_04,dos_flood,dos_flood,dos_flood
flood_04,dos_flood,dos_flood,dos_flood
flood_04,dos_flood,dos_flood,dos_flood
flood_04,dos_flood,dos_flood,dos_flood
flood_04,dos_flood,dos_flood,dos_flood
flood_04,dos_flood,dos_flood,dos_flood
flood_04,dos_flood,dos_flood,dos_flood
flood_04,dos_flood,dos_flood,dos_flood
flood_04,dos_flood,dos_flood,dos_flood
flood_04,dos_flood,dos_flood,dos_flood
flood_04,dos_flood,dos_flood,dos_flood
flood_04,dos_flood,dos_flood,dos_flood
flood_04,dos_flood,dos_flood,dos_flood
flood_04,dos_flood,dos_flood,dos_flood
flood_04,dos_flood,dos_flood,dos_flood
flood_04,dos_flood,dos_flood,dos_flood
flood_04,dos_flood,dos_flood,dos_flood
flood_04,dos_flood,dos_flood,dos_flood
flood_04,dos_flood,dos_flood,dos_flood
flood_04,dos_flood,dos_flood,dos_flood
flood_04,dos_flood,dos_flood,dos_flood
flood_04,dos_flood,dos_flood,dos_flood
flood_04,dos_flood,dos_flood,dos_flood
flood_04,dos_flood,dos_flood,dos_flood
flood_04,dos_flood,dos_flood,dos_flood
flood_04,dos_flood,dos_flood,dos_flood
flood_04,dos_flood,dos_flood,dos_flood
flood_04,dos_flood,dos_flood,dos_flood
flood_04,dos_flood,dos_flood,dos_flood
flood_04,dos_flood,dos_flood,dos_flood
flood_04,dos_flood,dos_flood,dos_flood
flood_04,dos_flood,dos_flood,dos_flood
flood_04,dos_flood,dos_flood,dos_flood
flood_04,dos_flood,dos_flood,dos_flood
flood_04,dos_flood,dos_flood,dos_flood
flood_04,dos_flood,dos_flood,dos_flood
flood_04,dos_flood,dos_flood,dos_flood
flood_04,dos_flood,dos_flood,dos_flood
flood_04,dos_flood,dos_flood,dos_flood
flood_04,dos_flood,dos_flood,dos_flood
flood_04,dos_flood,dos_flood,dos_flood
flood_04,dos_flood,dos_flood,dos_flood
flood_04,dos_flood,dos_flood,dos_flood
flood_04,dos_flood,dos_flood,dos_flood
flood_04,dos_flood,dos_flood,dos_flood
flood_04,dos_flood,dos_flood,dos_flood
flood_04,dos_flood,dos_flood,dos_flood
flood_04,dos_flood,dos_flood,dos_flood
flood_04,dos_flood,dos_flood,dos_flood
flood_04,dos_flood,dos_flood,dos_flood
flood_04,dos_flood,dos_flood,dos_flood
flood_04,dos_flood,dos_flood,dos_flood
flood_04,dos_flood,dos_flood,dos_flood
flood_04,dos_flood,dos_flood,dos_flood
flood_04,dos_flood,dos_flood,dos_flood
flood_04,dos_flood,dos_flood,dos_flood
flood_04,dos_flood,dos_flood,dos_flood
flood_04,dos_flood,dos_flood,dos_flood
flood_04,dos_flood,dos_flood,dos_flood
flood_04,dos_flood,dos_flood,dos_flood
flood_04,dos_flood,dos_flood,dos_flood
flood_04,dos_flood,dos_flood,dos_flood
flood_04,dos_flood,dos_flood,dos_flood
flood_04,dos_flood,dos_flood,dos_flood
flood_04,dos_flood,dos_flood,dos_flood
flood_04,dos_flood,dos_flood,dos_flood
flood_04,dos_flood,dos_flood,dos_flood
flood_04,dos_flood,dos_flood,dos_flood
flood_04,dos_flood,dos_flood,dos_flood
flood_04,dos_flood,dos_flood,dos_flood
flood_04,dos_flood,dos_flood,dos_flood
flood_04,dos_flood,dos_flood,dos_flood
flood_04,dos_flood,dos_flood,dos_flood
flood_04,dos_flood,dos_flood,dos_flood
flood_04,dos_flood,dos_flood,dos_flood
flood_04,dos_flood,dos_flood,dos_flood
flood_04,dos_flood,dos_flood,dos_flood
flood_04,dos_flood,dos_flood,dos_flood
flood_04,dos_flood,dos_flood,dos_flood
flood_04,dos_flood,dos_flood,dos_flood
flood_04,dos_flood,dos_flood,dos_flood
flood_04,dos_flood,dos_flood,dos_flood
flood_04,dos_flood,dos_flood,dos_flood
flood_04,dos_flood,dos_flood,dos_flood
flood_04,dos_flood,dos_flood,dos_flood
flood_04,dos_flood,dos_flood,dos_flood
flood_04,dos_flood,dos_flood,dos_flood
flood_04,dos_flood,dos_flood,dos_flood
flood_04,dos_flood,dos_flood,dos_flood
flood_04,dos_flood,dos_flood,dos_flood
flood_04,dos_flood,dos_flood,dos_flood
flood_04,dos_flood,dos_flood,dos_flood
mqtt_abuse_04,mqtt_abuse,mqtt_abuse,mqtt_abuse
mqtt_abuse_04,mqtt_abuse,mqtt_abuse,mqtt_abuse
mqtt_abuse_04,mqtt_abuse,mqtt_abuse,mqtt_abuse
mqtt_abuse_04,mqtt_abuse,mqtt_abuse,mqtt_abuse
mqtt_abuse_04,mqtt_abuse,mqtt_abuse,mqtt_abuse
mqtt_abuse_04,mqtt_abuse,mqtt_abuse,mqtt_abuse
mqtt_abuse_04,mqtt_abuse,mqtt_abuse,mqtt_abuse
mqtt_abuse_04,mqtt_abuse,mqtt_abuse,mqtt_abuse
mqtt_abuse_04,mqtt_abuse,mqtt_abuse,mqtt_abuse
mqtt_abuse_04,mqtt_abuse,mqtt_abuse,mqtt_abuse
mqtt_abuse_04,mqtt_abuse,mqtt_abuse,mqtt_abuse
mqtt_abuse_04,mqtt_abuse,mqtt_abuse,mqtt_abuse
mqtt_abuse_04,mqtt_abuse,mqtt_abuse,mqtt_abuse
mqtt_abuse_04,mqtt_abuse,mqtt_abuse,mqtt_abuse
mqtt_abuse_04,mqtt_abuse,mqtt_abuse,mqtt_abuse
mqtt_abuse_04,mqtt_abuse,mqtt_abuse,mqtt_abuse
mqtt_abuse_04,mqtt_abuse,mqtt_abuse,mqtt_abuse
mqtt_abuse_04,mqtt_abuse,mqtt_abuse,mqtt_abuse
mqtt_abuse_04,mqtt_abuse,mqtt_abuse,mqtt_abuse
mqtt_abuse_04,mqtt_abuse,mqtt_abuse,mqtt_abuse
mqtt_abuse_04,mqtt_abuse,mqtt_abuse,mqtt_abuse
mqtt_abuse_04,mqtt_abuse,mqtt_abuse,mqtt_abuse
mqtt_abuse_04,mqtt_abuse,mqtt_abuse,mqtt_abuse
mqtt_abuse_04,mqtt_abuse,mqtt_abuse,mqtt_abuse
mqtt_abuse_04,mqtt_abuse,mqtt_abuse,mqtt_abuse
mqtt_abuse_04,mqtt_abuse,mqtt_abuse,mqtt_abuse
mqtt_abuse_04,mqtt_abuse,mqtt_abuse,mqtt_abuse
mqtt_abuse_04,mqtt_abuse,mqtt_abuse,mqtt_abuse
mqtt_abuse_04,mqtt_abuse,mqtt_abuse,mqtt_abuse
mqtt_abuse_04,mqtt_abuse,mqtt_abuse,mqtt_abuse
mqtt_abuse_04,mqtt_abuse,mqtt_abuse,mqtt_abuse
mqtt_abuse_04,mqtt_abuse,mqtt_abuse,mqtt_abuse
mqtt_abuse_04,mqtt_abuse,mqtt_abuse,mqtt_abuse
mqtt_abuse_04,mqtt_abuse,mqtt_abuse,mqtt_abuse
mqtt_abuse_04,mqtt_abuse,mqtt_abuse,mqtt_abuse
mqtt_abuse_04,mqtt_abuse,mqtt_abuse,mqtt_abuse
mqtt_abuse_04,mqtt_abuse,mqtt_abuse,mqtt_abuse
mqtt_abuse_04,mqtt_abuse,mqtt_abuse,mqtt_abuse
mqtt_abuse_04,mqtt_abuse,mqtt_abuse,mqtt_abuse
mqtt_abuse_04,mqtt_abuse,mqtt_abuse,mqtt_abuse
mqtt_abuse_04,mqtt_abuse,mqtt_abuse,mqtt_abuse
mqtt_abuse_04,mqtt_abuse,mqtt_abuse,mqtt_abuse
mqtt_abuse_04,mqtt_abuse,mqtt_abuse,mqtt_abuse
mqtt_abuse_04,mqtt_abuse,mqtt_abuse,mqtt_abuse
mqtt_abuse_04,mqtt_abuse,mqtt_abuse,mqtt_abuse
mqtt_abuse_04,mqtt_abuse,mqtt_abuse,mqtt_abuse
mqtt_abuse_04,mqtt_abuse,mqtt_abuse,mqtt_abuse
mqtt_abuse_04,mqtt_abuse,mqtt_abuse,mqtt_abuse
mqtt_abuse_04,mqtt_abuse,mqtt_abuse,mqtt_abuse
mqtt_abuse_04,mqtt_abuse,mqtt_abuse,mqtt_abuse
mqtt_abuse_04,mqtt_abuse,mqtt_abuse,mqtt_abuse
mqtt_abuse_04,mqtt_abuse,mqtt_abuse,mqtt_abuse
mqtt_abuse_04,mqtt_abuse,mqtt_abuse,mqtt_abuse
mqtt_abuse_04,mqtt_abuse,mqtt_abuse,mqtt_abuse
mqtt_abuse_04,mqtt_abuse,mqtt_abuse,mqtt_abuse
mqtt_abuse_04,mqtt_abuse,mqtt_abuse,mqtt_abuse
mqtt_abuse_04,mqtt_abuse,mqtt_abuse,mqtt_abuse
mqtt_abuse_04,mqtt_abuse,mqtt_abuse,mqtt_abuse
mqtt_abuse_04,mqtt_abuse,mqtt_abuse,mqtt_abuse
mqtt_abuse_04,mqtt_abuse,mqtt_abuse,mqtt_abuse
mqtt_abuse_04,mqtt_abuse,mqtt_abuse,mqtt_abuse
mqtt_abuse_04,mqtt_abuse,mqtt_abuse,mqtt_abuse
mqtt_abuse_04,mqtt_abuse,mqtt_abuse,mqtt_abuse
mqtt_abuse_04,mqtt_abuse,mqtt_abuse,mqtt_abuse
mqtt_abuse_04,mqtt_abuse,mqtt_abuse,mqtt_abuse
mqtt_abuse_04,mqtt_abuse,mqtt_abuse,mqtt_abuse
mqtt_abuse_04,mqtt_abuse,mqtt_abuse,mqtt_abuse
mqtt_abuse_04,mqtt_abuse,mqtt_abuse,mqtt_abuse
mqtt_abuse_04,mqtt_abuse,mqtt_abuse,mqtt_abuse
mqtt_abuse_04,mqtt_abuse,mqtt_abuse,mqtt_abuse
scan_04,scan,scan,scan
scan_04,scan,scan,scan
scan_04,scan,scan,scan
scan_04,scan,scan,scan
scan_04,scan,scan,scan
scan_04,scan,scan,scan
scan_04,scan,scan,scan
scan_04,scan,scan,scan
scan_04,scan,scan,scan
scan_04,scan,scan,scan
scan_04,scan,scan,scan
scan_04,scan,scan,scan
scan_04,scan,scan,scan
scan_04,scan,scan,scan
scan_04,scan,scan,scan
scan_04,scan,scan,scan
scan_04,scan,scan,scan
scan_04,scan,scan,scan
scan_04,scan,scan,scan
scan_04,scan,scan,scan
scan_04,scan,scan,scan
scan_04,scan,scan,scan
scan_04,scan,scan,scan
scan_04,scan,scan,scan
scan_04,scan,scan,scan
scan_04,scan,scan,scan
scan_04,scan,scan,scan
scan_04,scan,scan,scan
scan_04,scan,scan,scan
scan_04,scan,scan,scan
scan_04,scan,scan,scan
scan_04,scan,scan,scan
scan_04,scan,scan,scan
scan_04,scan,scan,scan
scan_04,scan,scan,scan
scan_04,scan,scan,scan
slow_dos_04,slow_dos,slow_dos,slow_dos
slow_dos_04,slow_dos,slow_dos,slow_dos
slow_dos_04,slow_dos,slow_dos,slow_dos
slow_dos_04,slow_dos,slow_dos,slow_dos
slow_dos_04,slow_dos,slow_dos,slow_dos
slow_dos_04,slow_dos,slow_dos,slow_dos
slow_dos_04,slow_dos,slow_dos,slow_dos
slow_dos_04,slow_dos,slow_dos,slow_dos
slow_dos_04,slow_dos,slow_dos,slow_dos
slow_dos_04,slow_dos,slow_dos,slow_dos
slow_dos_04,slow_dos,slow_dos,slow_dos
slow_dos_04,slow_dos,slow_dos,slow_dos
slow_dos_04,slow_dos,slow_dos,slow_dos
slow_dos_04,slow_dos,slow_dos,slow_dos
slow_dos_04,slow_dos,slow_dos,slow_dos
slow_dos_04,slow_dos,slow_dos,slow_dos
slow_dos_04,slow_dos,slow_dos,slow_dos
slow_dos_04,slow_dos,slow_dos,slow_dos
slow_dos_04,slow_dos,slow_dos,slow_dos
slow_dos_04,slow_dos,slow_dos,slow_dos
slow_dos_04,slow_dos,slow_dos,slow_dos
slow_dos_04,slow_dos,slow_dos,slow_dos
slow_dos_04,slow_dos,slow_dos,slow_dos
slow_dos_04,slow_dos,slow_dos,slow_dos
slow_dos_04,slow_dos,slow_dos,slow_dos
slow_dos_04,slow_dos,slow_dos,slow_dos
slow_dos_04,slow_dos,slow_dos,slow_dos
slow_dos_04,slow_dos,slow_dos,slow_dos
slow_dos_04,slow_dos,slow_dos,slow_dos
slow_dos_04,slow_dos,slow_dos,slow_dos
slow_dos_04,slow_dos,slow_dos,slow_dos
slow_dos_04,slow_dos,slow_dos,slow_dos
slow_dos_04,slow_dos,slow_dos,slow_dos
slow_dos_04,slow_dos,slow_dos,slow_dos
slow_dos_04,slow_dos,slow_dos,slow_dos
slow_dos_04,slow_dos,slow_dos,slow_dos
slow_dos_04,slow_dos,slow_dos,slow_dos
slow_dos_04,slow_dos,slow_dos,slow_dos
slow_dos_04,slow_dos,slow_dos,slow_dos
slow_dos_04,slow_dos,slow_dos,slow_dos
slow_dos_04,slow_dos,slow_dos,slow_dos
slow_dos_04,slow_dos,slow_dos,slow_dos
slow_dos_04,slow_dos,slow_dos,slow_dos
slow_dos_04,slow_dos,slow_dos,slow_dos
slow_dos_04,slow_dos,slow_dos,slow_dos
slow_dos_04,slow_dos,slow_dos,slow_dos
slow_dos_04,slow_dos,slow_dos,slow_dos
slow_dos_04,slow_dos,slow_dos,slow_dos
slow_dos_04,slow_dos,slow_dos,slow_dos
slow_dos_04,slow_dos,slow_dos,slow_dos
