capture_id,Attack_Type,Label,prediction
benign_16,benign,0,benign
benign_16,benign,0,slow_dos
benign_16,benign,0,slow_dos
benign_16,benign,0,slow_dos
benign_16,benign,0,benign
benign_16,benign,0,benign
benign_16,benign,0,slow_dos
benign_16,benign,0,benign
benign_16,benign,0,slow_dos
benign_16,benign,0,benign
benign_16,benign,0,benign
benign_16,benign,0,slow_dos
benign_16,benign,0,benign
benign_16,benign,0,benign
benign_16,benign,0,slow_dos
benign_16,benign,0,benign
benign_16,benign,0,slow_dos
benign_16,benign,0,benign
benign_16,benign,0,slow_dos
benign_16,benign,0,benign
benign_16,benign,0,slow_dos
benign_16,benign,0,benign
benign_16,benign,0,benign
benign_16,benign,0,slow_dos
benign_16,benign,0,benign
benign_16,benign,0,slow_dos
benign_16,benign,0,benign
benign_16,benign,0,benign
benign_16,benign,0,slow_dos
benign_16,benign,0,slow_dos
benign_16,benign,0,benign
benign_16,benign,0,benign
benign_16,benign,0,benign
benign_16,benign,0,slow_dos
benign_16,benign,0,benign
benign_16,benign,0,slow_dos
benign_16,benign,0,slow_dos
benign_16,benign,0,benign
benign_16,benign,0,slow_dos
benign_16,benign,0,benign
benign_16,benign,0,benign
benign_16,benign,0,slow_dos
benign_16,benign,0,benign
benign_16,benign,0,slow_dos
benign_16,benign,0,benign
benign_16,benign,0,slow_dos
benign_16,benign,0,benign
benign_16,benign,0,benign
benign_16,benign,0,slow_dos
benign_16,benign,0,slow_dos
benign_16,benign,0,benign
benign_16,benign,0,benign
benign_16,benign,0,slow_dos
benign_16,benign,0,benign
benign_16,benign,0,slow_dos
benign_16,benign,0,benign
benign_16,benign,0,slow_dos
benign_16,benign,0,benign
benign_16,benign,0,slow_dos
benign_16,benign,0,benign
benign_16,benign,0,slow_dos
benign_16,benign,0,benign
benign_16,benign,0,slow_dos
benign_16,benign,0,benign
benign_16,benign,0,benign
benign_16,benign,0,slow_dos
benign_16,benign,0,benign
benign_16,benign,0,slow_dos
benign_16,benign,0,benign
benign_16,benign,0,slow_dos
benign_16,benign,0,slow_dos
benign_16,benign,0,benign
benign_16,benign,0,benign
benign_16,benign,0,benign
benign_16,benign,0,slow_dos
benign_16,benign,0,slow_dos
benign_16,benign,0,benign
benign_16,benign,0,slow_dos
benign_16,benign,0,benign
benign_16,benign,0,benign
benign_16,benign,0,benign
benign_16,benign,0,slow_dos
benign_16,benign,0,slow_dos
benign_16,benign,0,benign
benign_16,benign,0,slow_dos
benign_16,benign,0,benign
benign_16,benign,0,benign
benign_16,benign,0,slow_dos
benign_16,benign,0,benign
benign_16,benign,0,slow_dos
benign_16,benign,0,benign
benign_16,benign,0,slow_dos
benign_16,benign,0,benign
benign_16,benign,0,benign
benign_16,benign,0,mqtt_abuse
bruteforce_16,bruteforce,1,slow_dos
bruteforce_16,bruteforce,1,slow_dos
bruteforce_16,bruteforce,1,slow_dos
bruteforce_16,bruteforce,1,bruteforce
bruteforce_16,bruteforce,1,slow_dos
bruteforce_16,bruteforce,1,bruteforce
bruteforce_16,bruteforce,1,slow_dos
bruteforce_16,bruteforce,1,bruteforce
bruteforce_16,bruteforce,1,slow_dos
bruteforce_16,bruteforce,1,bruteforce
bruteforce_16,bruteforce,1,slow_dos
bruteforce_16,bruteforce,1,bruteforce
bruteforce_16,bruteforce,1,slow_dos
bruteforce_16,bruteforce,1,bruteforce
bruteforce_16,bruteforce,1,slow_dos
bruteforce_16,bruteforce,1,bruteforce
bruteforce_16,bruteforce,1,slow_dos
bruteforce_16,bruteforce,1,bruteforce
bruteforce_16,bruteforce,1,slow_dos
bruteforce_16,bruteforce,1,bruteforce
bruteforce_16,bruteforce,1,slow_dos
bruteforce_16,bruteforce,1,bruteforce
bruteforce_16,bruteforce,1,slow_dos
bruteforce_16,bruteforce,1,bruteforce
bruteforce_16,bruteforce,1,slow_dos
bruteforce_16,bruteforce,1,bruteforce
bruteforce_16,bruteforce,1,slow_dos
bruteforce_16,bruteforce,1,bruteforce
bruteforce_16,bruteforce,1,slow_dos
bruteforce_16,bruteforce,1,bruteforce
bruteforce_16,bruteforce,1,slow_dos
bruteforce_16,bruteforce,1,bruteforce
bruteforce_16,bruteforce,1,slow_dos
bruteforce_16,bruteforce,1,bruteforce
bruteforce_16,bruteforce,1,slow_dos
bruteforce_16,bruteforce,1,bruteforce
bruteforce_16,bruteforce,1,slow_dos
bruteforce_16,bruteforce,1,bruteforce
bruteforce_16,bruteforce,1,slow_dos
bruteforce_16,bruteforce,1,bruteforce
bruteforce_16,bruteforce,1,slow_dos
bruteforce_16,bruteforce,1,bruteforce
bruteforce_16,bruteforce,1,slow_dos
bruteforce_16,bruteforce,1,bruteforce
bruteforce_16,bruteforce,1,slow_dos
bruteforce_16,bruteforce,1,bruteforce
bruteforce_16,bruteforce,1,slow_dos
bruteforce_16,bruteforce,1,bruteforce
bruteforce_16,bruteforce,1,slow_dos
bruteforce_16,bruteforce,1,bruteforce
bruteforce_16,bruteforce,1,slow_dos
bruteforce_16,bruteforce,1,bruteforce
bruteforce_16,bruteforce,1,slow_dos
bruteforce_16,bruteforce,1,slow_dos
bruteforce_16,bruteforce,1,bruteforce
bruteforce_16,bruteforce,1,slow_dos
bruteforce_16,bruteforce,1,bruteforce
bruteforce_16,bruteforce,1,slow_dos
bruteforce_16,bruteforce,1,bruteforce
bruteforce_16,bruteforce,1,bruteforce
bruteforce_16,bruteforce,1,bruteforce
bruteforce_16,bruteforce,1,bruteforce
bruteforce_16,bruteforce,1,bruteforce
bruteforce_16,bruteforce,1,bruteforce
bruteforce_16,bruteforce,1,bruteforce
bruteforce_16,bruteforce,1,bruteforce
bruteforce_16,bruteforce,1,bruteforce
bruteforce_16,bruteforce,1,bruteforce
bruteforce_16,bruteforce,1,bruteforce
c2_16,c2_beacon,1,slow_dos
c2_16,c2_beacon,1,bruteforce
c2_16,c2_beacon,1,c2_beacon
c2_16,c2_beacon,1,bruteforce
c2_16,c2_beacon,1,c2_beacon
c2_16,c2_beacon,1,c2_beacon
c2_16,c2_beacon,1,c2_beacon
c2_16,c2_beacon,1,bruteforce
c2_16,c2_beacon,1,c2_beacon
c2_16,c2_beacon,1,c2_beacon
c2_16,c2_beacon,1,bruteforce
c2_16,c2_beacon,1,c2_beacon
c2_16,c2_beacon,1,c2_beacon
c2_16,c2_beacon,1,c2_beacon
c2_16,c2_beacon,1,bruteforce
c2_16,c2_beacon,1,c2_beacon
c2_16,c2_beacon,1,c2_beacon
c2_16,c2_beacon,1,c2_beacon
c2_16,c2_beacon,1,bruteforce
c2_16,c2_beacon,1,c2_beacon
c2_16,c2_beacon,1,c2_beacon
c2_16,c2_beacon,1,c2_beacon
c2_16,c2_beacon,1,bruteforce
c2_16,c2_beacon,1,c2_beacon
c2_16,c2_beacon,1,c2_beacon
c2_16,c2_beacon,1,c2_beacon
c2_16,c2_beacon,1,bruteforce
c2_16,c2_beacon,1,c2_beacon
c2_16,c2_beacon,1,c2_beacon
c2_16,c2_beacon,1,c2_beacon
c2_16,c2_beacon,1,bruteforce
c2_16,c2_beacon,1,c2_beacon
c2_16,c2_beacon,1,c2_beacon
c2_16,c2_beacon,1,c2_beacon
c2_16,c2_beacon,1,bruteforce
c2_16,c2_beacon,1,c2_beacon
c2_16,c2_beacon,1,c2_beacon
c2_16,c2_beacon,1,c2_beacon
c2_16,c2_beacon,1,bruteforce
c2_16,c2_beacon,1,c2_beacon
c2_16,c2_beacon,1,c2_beacon
c2_16,c2_beacon,1,bruteforce
c2_16,c2_beacon,1,c2_beacon
c2_16,c2_beacon,1,c2_beacon
c2_16,c2_beacon,1,c2_beacon
c2_16,c2_beacon,1,bruteforce
c2_16,c2_beacon,1,c2_beacon
c2_16,c2_beacon,1,c2_beacon
c2_16,c2_beacon,1,c2_beacon
c2_16,c2_beacon,1,bruteforce
c2_16,c2_beacon,1,c2_beacon
c2_16,c2_beacon,1,c2_beacon
c2_16,c2_beacon,1,c2_beacon
c2_16,c2_beacon,1,bruteforce
c2_16,c2_beacon,1,c2_beacon
c2_16,c2_beacon,1,c2_beacon
c2_16,c2_beacon,1,c2_beacon
c2_16,c2_beacon,1,c2_beacon
c2_16,c2_beacon,1,bruteforce
c2_16,c2_beacon,1,c2_beacon
c2_16,c2_beacon,1,c2_beacon
c2_16,c2_beacon,1,c2_beacon
c2_16,c2_beacon,1,bruteforce
c2_16,c2_beacon,1,c2_beacon
c2_16,c2_beacon,1,c2_beacon
c2_16,c2_beacon,1,bruteforce
c2_16,c2_beacon,1,c2_beacon
c2_16,c2_beacon,1,c2_beacon
c2_16,c2_beacon,1,c2_beacon
c2_16,c2_beacon,1,bruteforce
c2_16,c2_beacon,1,c2_beacon
c2_16,c2_beacon,1,c2_beacon
c2_16,c2_beacon,1,c2_beacon
c2_16,c2_beacon,1,bruteforce
c2_16,c2_beacon,1,c2_beacon
c2_16,c2_beacon,1,c2_beacon
c2_16,c2_beacon,1,bruteforce
c2_16,c2_beacon,1,c2_beacon
c2_16,c2_beacon,1,c2_beacon
c2_16,c2_beacon,1,c2_beacon
c2_16,c2_beacon,1,bruteforce
c2_16,c2_beacon,1,c2_beacon
c2_16,c2_beacon,1,c2_beacon
c2_16,c2_beacon,1,c2_beacon
c2_16,c2_beacon,1,c2_beacon
c2_16,c2_beacon,1,bruteforce
c2_16,c2_beacon,1,c2_beacon
c2_16,c2_beacon,1,c2_beacon
c2_16,c2_beacon,1,c2_beacon
c2_16,c2_beacon,1,bruteforce
c2_16,c2_beacon,1,c2_beacon
c2_16,c2_beacon,1,c2_beacon
c2_16,c2_beacon,1,bruteforce
c2_16,c2_beacon,1,c2_beacon
c2_16,c2_beacon,1,c2_beacon
c2_16,c2_beacon,1,c2_beacon
c2_16,c2_beacon,1,c2_beacon
c2_16,c2_beacon,1,bruteforce
c2_16,c2_beacon,1,c2_beacon
c2_16,c2_beacon,1,c2_beacon
c2_16,c2_beacon,1,bruteforce
c2_16,c2_beacon,1,c2_beacon
c2_16,c2_beacon,1,c2_beacon
c2_16,c2_beacon,1,c2_beacon
c2_16,c2_beacon,1,bruteforce
c2_16,c2_beacon,1,c2_beacon
c2_16,c2_beacon,1,c2_beacon
c2_16,c2_beacon,1,c2_beacon
c2_16,c2_beacon,1,bruteforce
c2_16,c2_beacon,1,c2_beacon
c2_16,c2_beacon,1,c2_beacon
c2_16,c2_beacon,1,c2_beacon
c2_16,c2_beacon,1,bruteforce
c2_16,c2_beacon,1,c2_beacon
c2_16,c2_beacon,1,c2_beacon
c2_16,c2_beacon,1,bruteforce
c2_16,c2_beacon,1,c2_beacon
c2_16,c2_beacon,1,c2_beacon
c2_16,c2_beacon,1,c2_beacon
c2_16,c2_beacon,1,bruteforce
c2_16,c2_beacon,1,c2_beacon
c2_16,c2_beacon,1,c2_beacon
c2_16,c2_beacon,1,c2_beacon
c2_16,c2_beacon,1,bruteforce
c2_16,c2_beacon,1,c2_beacon
c2_16,c2_beacon,1,c2_beacon
c2_16,c2_beacon,1,c2_beacon
c2_16,c2_beacon,1,bruteforce
c2_16,c2_beacon,1,c2_beacon
c2_16,c2_beacon,1,c2_beacon
c2_16,c2_beacon,1,bruteforce
c2_16,c2_beacon,1,c2_beacon
c2_16,c2_beacon,1,c2_beacon
c2_16,c2_beacon,1,c2_beacon
c2_16,c2_beacon,1,bruteforce
c2_16,c2_beacon,1,c2_beacon
c2_16,c2_beacon,1,c2_beacon
c2_16,c2_beacon,1,bruteforce
c2_16,c2_beacon,1,bruteforce
c2_16,c2_beacon,1,bruteforce
c2_16,c2_beacon,1,bruteforce
c2_16,c2_beacon,1,bruteforce
c2_16,c2_beacon,1,bruteforce
c2_16,c2_beacon,1,bruteforce
c2_16,c2_beacon,1,bruteforce
c2_16,c2_beacon,1,bruteforce
c2_16,c2_beacon,1,bruteforce
c2_16,c2_beacon,1,bruteforce
c2_16,c2_beacon,1,bruteforce
flood_16,dos_flood,1,slow_dos
flood_16,dos_flood,1,bruteforce
flood_16,dos_flood,1,bruteforce
flood_16,dos_flood,1,slow_dos
flood_16,dos_flood,1,bruteforce
flood_16,dos_flood,1,slow_dos
flood_16,dos_flood,1,bruteforce
flood_16,dos_flood,1,slow_dos
flood_16,dos_flood,1,bruteforce
flood_16,dos_flood,1,slow_dos
flood_16,dos_flood,1,bruteforce
flood_16,dos_flood,1,slow_dos
flood_16,dos_flood,1,bruteforce
flood_16,dos_flood,1,slow_dos
flood_16,dos_flood,1,bruteforce
flood_16,dos_flood,1,slow_dos
flood_16,dos_flood,1,bruteforce
flood_16,dos_flood,1,slow_dos
flood_16,dos_flood,1,bruteforce
flood_16,dos_flood,1,slow_dos
flood_16,dos_flood,1,bruteforce
flood_16,dos_flood,1,slow_dos
flood_16,dos_flood,1,bruteforce
flood_16,dos_flood,1,slow_dos
flood_16,dos_flood,1,bruteforce
flood_16,dos_flood,1,slow_dos
flood_16,dos_flood,1,bruteforce
flood_16,dos_flood,1,slow_dos
flood_16,dos_flood,1,bruteforce
flood_16,dos_flood,1,slow_dos
flood_16,dos_flood,1,bruteforce
flood_16,dos_flood,1,slow_dos
flood_16,dos_flood,1,bruteforce
flood_16,dos_flood,1,slow_dos
flood_16,dos_flood,1,bruteforce
flood_16,dos_flood,1,slow_dos
flood_16,dos_flood,1,bruteforce
flood_16,dos_flood,1,slow_dos
flood_16,dos_flood,1,slow_dos
flood_16,dos_flood,1,bruteforce
flood_16,dos_flood,1,slow_dos
flood_16,dos_flood,1,bruteforce
flood_16,dos_flood,1,slow_dos
flood_16,dos_flood,1,bruteforce
flood_16,dos_flood,1,slow_dos
flood_16,dos_flood,1,bruteforce
flood_16,dos_flood,1,slow_dos
flood_16,dos_flood,1,bruteforce
flood_16,dos_flood,1,slow_dos
flood_16,dos_flood,1,bruteforce
flood_16,dos_flood,1,slow_dos
flood_16,dos_flood,1,bruteforce
flood_16,dos_flood,1,slow_dos
flood_16,dos_flood,1,bruteforce
flood_16,dos_flood,1,dos_flood
flood_16,dos_flood,1,bruteforce
mqtt_abuse_16,mqtt_abuse,1,slow_dos
mqtt_abuse_16,mqtt_abuse,1,slow_dos
mqtt_abuse_16,mqtt_abuse,1,slow_dos
mqtt_abuse_16,mqtt_abuse,1,mqtt_abuse
mqtt_abuse_16,mqtt_abuse,1,slow_dos
mqtt_abuse_16,mqtt_abuse,1,mqtt_abuse
mqtt_abuse_16,mqtt_abuse,1,mqtt_abuse
mqtt_abuse_16,mqtt_abuse,1,slow_dos
mqtt_abuse_16,mqtt_abuse,1,mqtt_abuse
mqtt_abuse_16,mqtt_abuse,1,slow_dos
mqtt_abuse_16,mqtt_abuse,1,mqtt_abuse
mqtt_abuse_16,mqtt_abuse,1,mqtt_abuse
mqtt_abuse_16,mqtt_abuse,1,slow_dos
mqtt_abuse_16,mqtt_abuse,1,mqtt_abuse
mqtt_abuse_16,mqtt_abuse,1,slow_dos
mqtt_abuse_16,mqtt_abuse,1,mqtt_abuse
mqtt_abuse_16,mqtt_abuse,1,mqtt_abuse
mqtt_abuse_16,mqtt_abuse,1,slow_dos
mqtt_abuse_16,mqtt_abuse,1,mqtt_abuse
mqtt_abuse_16,mqtt_abuse,1,mqtt_abuse
mqtt_abuse_16,mqtt_abuse,1,slow_dos
mqtt_abuse_16,mqtt_abuse,1,mqtt_abuse
mqtt_abuse_16,mqtt_abuse,1,slow_dos
mqtt_abuse_16,mqtt_abuse,1,mqtt_abuse
mqtt_abuse_16,mqtt_abuse,1,mqtt_abuse
mqtt_abuse_16,mqtt_abuse,1,slow_dos
mqtt_abuse_16,mqtt_abuse,1,mqtt_abuse
mqtt_abuse_16,mqtt_abuse,1,slow_dos
mqtt_abuse_16,mqtt_abuse,1,mqtt_abuse
mqtt_abuse_16,mqtt_abuse,1,mqtt_abuse
mqtt_abuse_16,mqtt_abuse,1,slow_dos
mqtt_abuse_16,mqtt_abuse,1,mqtt_abuse
mqtt_abuse_16,mqtt_abuse,1,mqtt_abuse
mqtt_abuse_16,mqtt_abuse,1,slow_dos
mqtt_abuse_16,mqtt_abuse,1,mqtt_abuse
mqtt_abuse_16,mqtt_abuse,1,slow_dos
mqtt_abuse_16,mqtt_abuse,1,mqtt_abuse
mqtt_abuse_16,mqtt_abuse,1,mqtt_abuse
mqtt_abuse_16,mqtt_abuse,1,slow_dos
mqtt_abuse_16,mqtt_abuse,1,mqtt_abuse
mqtt_abuse_16,mqtt_abuse,1,mqtt_abuse
mqtt_abuse_16,mqtt_abuse,1,slow_dos
mqtt_abuse_16,mqtt_abuse,1,mqtt_abuse
mqtt_abuse_16,mqtt_abuse,1,slow_dos
mqtt_abuse_16,mqtt_abuse,1,mqtt_abuse
mqtt_abuse_16,mqtt_abuse,1,mqtt_abuse
mqtt_abuse_16,mqtt_abuse,1,slow_dos
mqtt_abuse_16,mqtt_abuse,1,mqtt_abuse
mqtt_abuse_16,mqtt_abuse,1,slow_dos
mqtt_abuse_16,mqtt_abuse,1,mqtt_abuse
mqtt_abuse_16,mqtt_abuse,1,mqtt_abuse
mqtt_abuse_16,mqtt_abuse,1,slow_dos
mqtt_abuse_16,mqtt_abuse,1,mqtt_abuse
mqtt_abuse_16,mqtt_abuse,1,mqtt_abuse
mqtt_abuse_16,mqtt_abuse,1,slow_dos
mqtt_abuse_16,mqtt_abuse,1,mqtt_abuse
mqtt_abuse_16,mqtt_abuse,1,slow_dos
mqtt_abuse_16,mqtt_abuse,1,mqtt_abuse
mqtt_abuse_16,mqtt_abuse,1,mqtt_abuse
mqtt_abuse_16,mqtt_abuse,1,slow_dos
mqtt_abuse_16,mqtt_abuse,1,mqtt_abuse
mqtt_abuse_16,mqtt_abuse,1,mqtt_abuse
mqtt_abuse_16,mqtt_abuse,1,slow_dos
mqtt_abuse_16,mqtt_abuse,1,mqtt_abuse
mqtt_abuse_16,mqtt_abuse,1,slow_dos
mqtt_abuse_16,mqtt_abuse,1,mqtt_abuse
mqtt_abuse_16,mqtt_abuse,1,slow_dos
mqtt_abuse_16,mqtt_abuse,1,mqtt_abuse
mqtt_abuse_16,mqtt_abuse,1,mqtt_abuse
mqtt_abuse_16,mqtt_abuse,1,slow_dos
mqtt_abuse_16,mqtt_abuse,1,mqtt_abuse
mqtt_abuse_16,mqtt_abuse,1,mqtt_abuse
mqtt_abuse_16,mqtt_abuse,1,slow_dos
mqtt_abuse_16,mqtt_abuse,1,mqtt_abuse
mqtt_abuse_16,mqtt_abuse,1,slow_dos
mqtt_abuse_16,mqtt_abuse,1,mqtt_abuse
mqtt_abuse_16,mqtt_abuse,1,mqtt_abuse
mqtt_abuse_16,mqtt_abuse,1,slow_dos
mqtt_abuse_16,mqtt_abuse,1,mqtt_abuse
mqtt_abuse_16,mqtt_abuse,1,slow_dos
mqtt_abuse_16,mqtt_abuse,1,mqtt_abuse
mqtt_abuse_16,mqtt_abuse,1,mqtt_abuse
mqtt_abuse_16,mqtt_abuse,1,slow_dos
mqtt_abuse_16,mqtt_abuse,1,mqtt_abuse
mqtt_abuse_16,mqtt_abuse,1,slow_dos
mqtt_abuse_16,mqtt_abuse,1,mqtt_abuse
mqtt_abuse_16,mqtt_abuse,1,mqtt_abuse
mqtt_abuse_16,mqtt_abuse,1,slow_dos
mqtt_abuse_16,mqtt_abuse,1,mqtt_abuse
mqtt_abuse_16,mqtt_abuse,1,slow_dos
mqtt_abuse_16,mqtt_abuse,1,mqtt_abuse
mqtt_abuse_16,mqtt_abuse,1,mqtt_abuse
mqtt_abuse_16,mqtt_abuse,1,slow_dos
mqtt_abuse_16,mqtt_abuse,1,mqtt_abuse
mqtt_abuse_16,mqtt_abuse,1,slow_dos
mqtt_abuse_16,mqtt_abuse,1,mqtt_abuse
mqtt_abuse_16,mqtt_abuse,1,mqtt_abuse
mqtt_abuse_16,mqtt_abuse,1,slow_dos
mqtt_abuse_16,mqtt_abuse,1,mqtt_abuse
mqtt_abuse_16,mqtt_abuse,1,slow_dos
mqtt_abuse_16,mqtt_abuse,1,mqtt_abuse
mqtt_abuse_16,mqtt_abuse,1,mqtt_abuse
mqtt_abuse_16,mqtt_abuse,1,slow_dos
mqtt_abuse_16,mqtt_abuse,1,mqtt_abuse
mqtt_abuse_16,mqtt_abuse,1,mqtt_abuse
mqtt_abuse_16,mqtt_abuse,1,slow_dos
mqtt_abuse_16,mqtt_abuse,1,mqtt_abuse
mqtt_abuse_16,mqtt_abuse,1,slow_dos
mqtt_abuse_16,mqtt_abuse,1,mqtt_abuse
mqtt_abuse_16,mqtt_abuse,1,mqtt_abuse
mqtt_abuse_16,mqtt_abuse,1,slow_dos
scan_16,scan,1,slow_dos
scan_16,scan,1,slow_dos
scan_16,scan,1,slow_dos
scan_16,scan,1,scan
scan_16,scan,1,scan
scan_16,scan,1,scan
scan_16,scan,1,scan
scan_16,scan,1,scan
scan_16,scan,1,scan
scan_16,scan,1,scan
scan_16,scan,1,scan
scan_16,scan,1,scan
scan_16,scan,1,scan
scan_16,scan,1,scan
scan_16,scan,1,scan
scan_16,scan,1,scan
scan_16,scan,1,scan
scan_16,scan,1,scan
scan_16,scan,1,scan
scan_16,scan,1,scan
scan_16,scan,1,scan
scan_16,scan,1,scan
scan_16,scan,1,scan
scan_16,scan,1,scan
scan_16,scan,1,scan
scan_16,scan,1,scan
scan_16,scan,1,scan
scan_16,scan,1,scan
scan_16,scan,1,slow_dos
scan_16,scan,1,scan
scan_16,scan,1,scan
scan_16,scan,1,scan
scan_16,scan,1,scan
scan_16,scan,1,scan
scan_16,scan,1,scan
scan_16,scan,1,scan
scan_16,scan,1,scan
scan_16,scan,1,scan
scan_16,scan,1,scan
scan_16,scan,1,scan
scan_16,scan,1,scan
scan_16,scan,1,scan
scan_16,scan,1,scan
scan_16,scan,1,scan
scan_16,scan,1,scan
scan_16,scan,1,scan
scan_16,scan,1,scan
scan_16,scan,1,scan
scan_16,scan,1,scan
scan_16,scan,1,scan
scan_16,scan,1,scan
scan_16,scan,1,scan
scan_16,scan,1,scan
scan_16,scan,1,scan
scan_16,scan,1,scan
scan_16,scan,1,slow_dos
scan_16,scan,1,scan
scan_16,scan,1,scan
scan_16,scan,1,scan
scan_16,scan,1,scan
scan_16,scan,1,scan
scan_16,scan,1,scan
scan_16,scan,1,scan
scan_16,scan,1,scan
scan_16,scan,1,scan
scan_16,scan,1,scan
scan_16,scan,1,scan
scan_16,scan,1,scan
scan_16,scan,1,scan
scan_16,scan,1,scan
scan_16,scan,1,scan
scan_16,scan,1,scan
scan_16,scan,1,scan
scan_16,scan,1,scan
scan_16,scan,1,scan
scan_16,scan,1,scan
scan_16,scan,1,scan
scan_16,scan,1,scan
scan_16,scan,1,scan
scan_16,scan,1,scan
scan_16,scan,1,scan
scan_16,scan,1,scan
scan_16,scan,1,scan
scan_16,scan,1,scan
scan_16,scan,1,scan
scan_16,scan,1,scan
scan_16,scan,1,slow_dos
scan_16,scan,1,scan
scan_16,scan,1,scan
scan_16,scan,1,scan
scan_16,scan,1,scan
scan_16,scan,1,scan
scan_16,scan,1,scan
scan_16,scan,1,scan
scan_16,scan,1,scan
scan_16,scan,1,scan
scan_16,scan,1,scan
scan_16,scan,1,scan
scan_16,scan,1,scan
scan_16,scan,1,scan
scan_16,scan,1,scan
scan_16,scan,1,scan
scan_16,scan,1,scan
scan_16,scan,1,scan
scan_16,scan,1,scan
scan_16,scan,1,scan
scan_16,scan,1,scan
scan_16,scan,1,scan
scan_16,scan,1,scan
scan_16,scan,1,scan
scan_16,scan,1,scan
scan_16,scan,1,scan
scan_16,scan,1,scan
scan_16,scan,1,scan
scan_16,scan,1,scan
scan_16,scan,1,scan
scan_16,scan,1,scan
scan_16,scan,1,scan
scan_16,scan,1,scan
scan_16,scan,1,scan
scan_16,scan,1,scan
scan_16,scan,1,slow_dos
scan_16,scan,1,scan
scan_16,scan,1,scan
scan_16,scan,1,scan
scan_16,scan,1,scan
scan_16,scan,1,scan
scan_16,scan,1,scan
scan_16,scan,1,scan
scan_16,scan,1,scan
scan_16,scan,1,scan
scan_16,scan,1,scan
scan_16,scan,1,scan
scan_16,scan,1,scan
scan_16,scan,1,scan
scan_16,scan,1,scan
scan_16,scan,1,scan
scan_16,scan,1,scan
scan_16,scan,1,scan
scan_16,scan,1,scan
scan_16,scan,1,scan
scan_16,scan,1,scan
scan_16,scan,1,scan
scan_16,scan,1,scan
scan_16,scan,1,scan
scan_16,scan,1,scan
scan_16,scan,1,scan
scan_16,scan,1,scan
scan_16,scan,1,scan
scan_16,scan,1,scan
scan_16,scan,1,scan
scan_16,scan,1,slow_dos
scan_16,scan,1,scan
scan_16,scan,1,scan
scan_16,scan,1,scan
scan_16,scan,1,scan
scan_16,scan,1,scan
scan_16,scan,1,scan
scan_16,scan,1,scan
scan_16,scan,1,scan
scan_16,scan,1,scan
scan_16,scan,1,scan
scan_16,scan,1,scan
scan_16,scan,1,scan
scan_16,scan,1,scan
scan_16,scan,1,scan
scan_16,scan,1,scan
scan_16,scan,1,scan
scan_16,scan,1,scan
scan_16,scan,1,scan
scan_16,scan,1,scan
scan_16,scan,1,scan
scan_16,scan,1,scan
scan_16,scan,1,scan
scan_16,scan,1,scan
scan_16,scan,1,scan
scan_16,scan,1,scan
scan_16,scan,1,scan
scan_16,scan,1,scan
scan_16,scan,1,scan
scan_16,scan,1,scan
scan_16,scan,1,scan
scan_16,scan,1,scan
scan_16,scan,1,slow_dos
scan_16,scan,1,scan
scan_16,scan,1,scan
scan_16,scan,1,scan
scan_16,scan,1,scan
scan_16,scan,1,scan
scan_16,scan,1,slow_dos
scan_16,scan,1,slow_dos
scan_16,scan,1,slow_dos
scan_16,scan,1,slow_dos
scan_16,scan,1,slow_dos
scan_16,scan,1,slow_dos
scan_16,scan,1,slow_dos
scan_16,scan,1,slow_dos
scan_16,scan,1,slow_dos
scan_16,scan,1,slow_dos
scan_16,scan,1,slow_dos
scan_16,scan,1,slow_dos
scan_16,scan,1,slow_dos
scan_16,scan,1,slow_dos
scan_16,scan,1,slow_dos
scan_16,scan,1,slow_dos
scan_16,scan,1,slow_dos
scan_16,scan,1,slow_dos
scan_16,scan,1,mqtt_abuse
slow_dos_16,slow_dos,1,mqtt_abuse
slow_dos_16,slow_dos,1,slow_dos
slow_dos_16,slow_dos,1,slow_dos
slow_dos_16,slow_dos,1,bruteforce
slow_dos_16,slow_dos,1,slow_dos
slow_dos_16,slow_dos,1,bruteforce
slow_dos_16,slow_dos,1,slow_dos
slow_dos_16,slow_dos,1,slow_dos
slow_dos_16,slow_dos,1,slow_dos
slow_dos_16,slow_dos,1,slow_dos
slow_dos_16,slow_dos,1,slow_dos
slow_dos_16,slow_dos,1,slow_dos
slow_dos_16,slow_dos,1,slow_dos
slow_dos_16,slow_dos,1,slow_dos
slow_dos_16,slow_dos,1,slow_dos
slow_dos_16,slow_dos,1,slow_dos
slow_dos_16,slow_dos,1,slow_dos
slow_dos_16,slow_dos,1,slow_dos
slow_dos_16,slow_dos,1,slow_dos
slow_dos_16,slow_dos,1,slow_dos
slow_dos_16,slow_dos,1,slow_dos
slow_dos_16,slow_dos,1,slow_dos
slow_dos_16,slow_dos,1,slow_dos
slow_dos_16,slow_dos,1,slow_dos
slow_dos_16,slow_dos,1,slow_dos
slow_dos_16,slow_dos,1,slow_dos
slow_dos_16,slow_dos,1,slow_dos
slow_dos_16,slow_dos,1,slow_dos
slow_dos_16,slow_dos,1,slow_dos
slow_dos_16,slow_dos,1,slow_dos
slow_dos_16,slow_dos,1,slow_dos
slow_dos_16,slow_dos,1,slow_dos
slow_dos_16,slow_dos,1,slow_dos
slow_dos_16,slow_dos,1,slow_dos
slow_dos_16,slow_dos,1,slow_dos
slow_dos_16,slow_dos,1,slow_dos
slow_dos_16,slow_dos,1,slow_dos
slow_dos_16,slow_dos,1,slow_dos
slow_dos_16,slow_dos,1,slow_dos
slow_dos_16,slow_dos,1,slow_dos
slow_dos_16,slow_dos,1,slow_dos
slow_dos_16,slow_dos,1,slow_dos
slow_dos_16,slow_dos,1,slow_dos
slow_dos_16,slow_dos,1,slow_dos
slow_dos_16,slow_dos,1,slow_dos
slow_dos_16,slow_dos,1,slow_dos
slow_dos_16,slow_dos,1,slow_dos
slow_dos_16,slow_dos,1,slow_dos
slow_dos_16,slow_dos,1,slow_dos
slow_dos_16,slow_dos,1,bruteforce
slow_dos_16,slow_dos,1,slow_dos
slow_dos_16,slow_dos,1,slow_dos
slow_dos_16,slow_dos,1,slow_dos
slow_dos_16,slow_dos,1,slow_dos
slow_dos_16,slow_dos,1,slow_dos
slow_dos_16,slow_dos,1,slow_dos
slow_dos_16,slow_dos,1,slow_dos
slow_dos_16,slow_dos,1,slow_dos
slow_dos_16,slow_dos,1,slow_dos
slow_dos_16,slow_dos,1,slow_dos
slow_dos_16,slow_dos,1,slow_dos
slow_dos_16,slow_dos,1,slow_dos
slow_dos_16,slow_dos,1,slow_dos
slow_dos_16,slow_dos,1,slow_dos
slow_dos_16,slow_dos,1,slow_dos
slow_dos_16,slow_dos,1,slow_dos
slow_dos_16,slow_dos,1,slow_dos
slow_dos_16,slow_dos,1,slow_dos
slow_dos_16,slow_dos,1,slow_dos
slow_dos_16,slow_dos,1,slow_dos
slow_dos_16,slow_dos,1,slow_dos
slow_dos_16,slow_dos,1,slow_dos
slow_dos_16,slow_dos,1,slow_dos
slow_dos_16,slow_dos,1,slow_dos
slow_dos_16,slow_dos,1,slow_dos
slow_dos_16,slow_dos,1,slow_dos
slow_dos_16,slow_dos,1,slow_dos
slow_dos_16,slow_dos,1,slow_dos
slow_dos_16,slow_dos,1,slow_dos
slow_dos_16,slow_dos,1,slow_dos
slow_dos_16,slow_dos,1,slow_dos
slow_dos_16,slow_dos,1,slow_dos
slow_dos_16,slow_dos,1,slow_dos
slow_dos_16,slow_dos,1,slow_dos
slow_dos_16,slow_dos,1,slow_dos
slow_dos_16,slow_dos,1,slow_dos
slow_dos_16,slow_dos,1,slow_dos
slow_dos_16,slow_dos,1,slow_dos
slow_dos_16,slow_dos,1,slow_dos
slow_dos_16,slow_dos,1,slow_dos
slow_dos_16,slow_dos,1,slow_dos
slow_dos_16,slow_dos,1,slow_dos
slow_dos_16,slow_dos,1,slow_dos
slow_dos_16,slow_dos,1,slow_dos
slow_dos_16,slow_dos,1,slow_dos
slow_dos_16,slow_dos,1,slow_dos
slow_dos_16,slow_dos,1,slow_dos
slow_dos_16,slow_dos,1,slow_dos
slow_dos_16,slow_dos,1,slow_dos
slow_dos_16,slow_dos,1,bruteforce
slow_dos_16,slow_dos,1,slow_dos
slow_dos_16,slow_dos,1,bruteforce
slow_dos_16,slow_dos,1,slow_dos
slow_dos_16,slow_dos,1,bruteforce
slow_dos_16,slow_dos,1,slow_dos
slow_dos_16,slow_dos,1,bruteforce
slow_dos_16,slow_dos,1,slow_dos
slow_dos_16,slow_dos,1,bruteforce
slow_dos_16,slow_dos,1,slow_dos
slow_dos_16,slow_dos,1,bruteforce
slow_dos_16,slow_dos,1,slow_dos
slow_dos_16,slow_dos,1,slow_dos
slow_dos_16,slow_dos,1,slow_dos
slow_dos_16,slow_dos,1,slow_dos
slow_dos_16,slow_dos,1,slow_dos
slow_dos_16,slow_dos,1,slow_dos
slow_dos_16,slow_dos,1,slow_dos
slow_dos_16,slow_dos,1,slow_dos
slow_dos_16,slow_dos,1,slow_dos
slow_dos_16,slow_dos,1,slow_dos
slow_dos_16,slow_dos,1,slow_dos
slow_dos_16,slow_dos,1,slow_dos
slow_dos_16,slow_dos,1,slow_dos
slow_dos_16,slow_dos,1,slow_dos
slow_dos_16,slow_dos,1,slow_dos
slow_dos_16,slow_dos,1,slow_dos
slow_dos_16,slow_dos,1,slow_dos
slow_dos_16,slow_dos,1,slow_dos
slow_dos_16,slow_dos,1,slow_dos
slow_dos_16,slow_dos,1,slow_dos
slow_dos_16,slow_dos,1,slow_dos
slow_dos_16,slow_dos,1,slow_dos
slow_dos_16,slow_dos,1,slow_dos
slow_dos_16,slow_dos,1,slow_dos
slow_dos_16,slow_dos,1,slow_dos
slow_dos_16,slow_dos,1,slow_dos
slow_dos_16,slow_dos,1,slow_dos
slow_dos_16,slow_dos,1,slow_dos
slow_dos_16,slow_dos,1,slow_dos
slow_dos_16,slow_dos,1,slow_dos
slow_dos_16,slow_dos,1,slow_dos
slow_dos_16,slow_dos,1,slow_dos
slow_dos_16,slow_dos,1,slow_dos
slow_dos_16,slow_dos,1,slow_dos
slow_dos_16,slow_dos,1,slow_dos
slow_dos_16,slow_dos,1,slow_dos
slow_dos_16,slow_dos,1,slow_dos
slow_dos_16,slow_dos,1,slow_dos
slow_dos_16,slow_dos,1,slow_dos
slow_dos_16,slow_dos,1,slow_dos
slow_dos_16,slow_dos,1,slow_dos
slow_dos_16,slow_dos,1,slow_dos
